{
  "last_generated": "1627307912",
  "proto_name": "IN_COLLECTION",
  "name": "IN_COLLECTION",
  "code": "IN_COLLECTION",
  "tested_overall": [
    {
      "country_code": "NLD",
      "date_start_unix": 1625443200,
      "date_end_unix": 1625961600,
      "infected": 39206,
      "infected_per_100k_average": 32.2,
      "date_of_insertion_unix": 1626701316
    },
    {
      "country_code": "GBR",
      "date_start_unix": 1625443200,
      "date_end_unix": 1625961600,
      "infected": 190712,
      "infected_per_100k_average": 40.0,
      "date_of_insertion_unix": 1626857123
    },
    {
      "country_code": "CHE",
      "date_start_unix": 1625443200,
      "date_end_unix": 1625961600,
      "infected": 1969,
      "infected_per_100k_average": 3.3,
      "date_of_insertion_unix": 1626857123
    },
    {
      "country_code": "SWE",
      "date_start_unix": 1625443200,
      "date_end_unix": 1625961600,
      "infected": 1501,
      "infected_per_100k_average": 2.1,
      "date_of_insertion_unix": 1626857123
    },
    {
      "country_code": "ESP",
      "date_start_unix": 1625443200,
      "date_end_unix": 1625961600,
      "infected": 104649,
      "infected_per_100k_average": 31.6,
      "date_of_insertion_unix": 1626857123
    },
    {
      "country_code": "SVN",
      "date_start_unix": 1625443200,
      "date_end_unix": 1625961600,
      "infected": 482,
      "infected_per_100k_average": 3.3,
      "date_of_insertion_unix": 1626857123
    },
    {
      "country_code": "SVK",
      "date_start_unix": 1625443200,
      "date_end_unix": 1625961600,
      "infected": 233,
      "infected_per_100k_average": 0.6,
      "date_of_insertion_unix": 1626857123
    },
    {
      "country_code": "ROU",
      "date_start_unix": 1625443200,
      "date_end_unix": 1625961600,
      "infected": 296,
      "infected_per_100k_average": 0.2,
      "date_of_insertion_unix": 1626857123
    },
    {
      "country_code": "PRT",
      "date_start_unix": 1625443200,
      "date_end_unix": 1625961600,
      "infected": 19185,
      "infected_per_100k_average": 26.6,
      "date_of_insertion_unix": 1626857123
    },
    {
      "country_code": "POL",
      "date_start_unix": 1625443200,
      "date_end_unix": 1625961600,
      "infected": 557,
      "infected_per_100k_average": 0.2,
      "date_of_insertion_unix": 1626857123
    },
    {
      "country_code": "NOR",
      "date_start_unix": 1625443200,
      "date_end_unix": 1625961600,
      "infected": 1250,
      "infected_per_100k_average": 3.3,
      "date_of_insertion_unix": 1626857123
    },
    {
      "country_code": "MLT",
      "date_start_unix": 1625443200,
      "date_end_unix": 1625961600,
      "infected": 576,
      "infected_per_100k_average": 16.0,
      "date_of_insertion_unix": 1626857123
    },
    {
      "country_code": "LUX",
      "date_start_unix": 1625443200,
      "date_end_unix": 1625961600,
      "infected": 979,
      "infected_per_100k_average": 22.3,
      "date_of_insertion_unix": 1626857123
    },
    {
      "country_code": "LTU",
      "date_start_unix": 1625443200,
      "date_end_unix": 1625961600,
      "infected": 352,
      "infected_per_100k_average": 1.8,
      "date_of_insertion_unix": 1626857123
    },
    {
      "country_code": "LIE",
      "date_start_unix": 1625443200,
      "date_end_unix": 1625961600,
      "infected": 11,
      "infected_per_100k_average": 4.1,
      "date_of_insertion_unix": 1626857123
    },
    {
      "country_code": "LVA",
      "date_start_unix": 1625443200,
      "date_end_unix": 1625961600,
      "infected": 268,
      "infected_per_100k_average": 2.0,
      "date_of_insertion_unix": 1626857123
    },
    {
      "country_code": "ITA",
      "date_start_unix": 1625443200,
      "date_end_unix": 1625961600,
      "infected": 7959,
      "infected_per_100k_average": 1.9,
      "date_of_insertion_unix": 1626857123
    },
    {
      "country_code": "IRL",
      "date_start_unix": 1625443200,
      "date_end_unix": 1625961600,
      "infected": 3586,
      "infected_per_100k_average": 10.3,
      "date_of_insertion_unix": 1626857123
    },
    {
      "country_code": "ISL",
      "date_start_unix": 1625443200,
      "date_end_unix": 1625961600,
      "infected": 11,
      "infected_per_100k_average": 0.4,
      "date_of_insertion_unix": 1626857123
    },
    {
      "country_code": "HUN",
      "date_start_unix": 1625443200,
      "date_end_unix": 1625961600,
      "infected": 277,
      "infected_per_100k_average": 0.4,
      "date_of_insertion_unix": 1626857123
    },
    {
      "country_code": "GRC",
      "date_start_unix": 1625443200,
      "date_end_unix": 1625961600,
      "infected": 12845,
      "infected_per_100k_average": 17.1,
      "date_of_insertion_unix": 1626857123
    },
    {
      "country_code": "DEU",
      "date_start_unix": 1625443200,
      "date_end_unix": 1625961600,
      "infected": 5365,
      "infected_per_100k_average": 0.9,
      "date_of_insertion_unix": 1626857123
    },
    {
      "country_code": "FRA",
      "date_start_unix": 1625443200,
      "date_end_unix": 1625961600,
      "infected": 26436,
      "infected_per_100k_average": 5.6,
      "date_of_insertion_unix": 1626857123
    },
    {
      "country_code": "FIN",
      "date_start_unix": 1625443200,
      "date_end_unix": 1625961600,
      "infected": 1619,
      "infected_per_100k_average": 4.2,
      "date_of_insertion_unix": 1626857123
    },
    {
      "country_code": "EST",
      "date_start_unix": 1625443200,
      "date_end_unix": 1625961600,
      "infected": 301,
      "infected_per_100k_average": 3.2,
      "date_of_insertion_unix": 1626857123
    },
    {
      "country_code": "DNK",
      "date_start_unix": 1625443200,
      "date_end_unix": 1625961600,
      "infected": 4417,
      "infected_per_100k_average": 10.8,
      "date_of_insertion_unix": 1626857123
    },
    {
      "country_code": "CZE",
      "date_start_unix": 1625443200,
      "date_end_unix": 1625961600,
      "infected": 1456,
      "infected_per_100k_average": 1.9,
      "date_of_insertion_unix": 1626857123
    },
    {
      "country_code": "CYP",
      "date_start_unix": 1625443200,
      "date_end_unix": 1625961600,
      "infected": 6250,
      "infected_per_100k_average": 100.5,
      "date_of_insertion_unix": 1626857123
    },
    {
      "country_code": "HRV",
      "date_start_unix": 1625443200,
      "date_end_unix": 1625961600,
      "infected": 595,
      "infected_per_100k_average": 2.1,
      "date_of_insertion_unix": 1626857123
    },
    {
      "country_code": "BGR",
      "date_start_unix": 1625443200,
      "date_end_unix": 1625961600,
      "infected": 409,
      "infected_per_100k_average": 0.8,
      "date_of_insertion_unix": 1626857123
    },
    {
      "country_code": "BEL",
      "date_start_unix": 1625443200,
      "date_end_unix": 1625961600,
      "infected": 7453,
      "infected_per_100k_average": 9.2,
      "date_of_insertion_unix": 1626857123
    },
    {
      "country_code": "AUT",
      "date_start_unix": 1625443200,
      "date_end_unix": 1625961600,
      "infected": 674,
      "infected_per_100k_average": 1.1,
      "date_of_insertion_unix": 1626857123
    }
  ]
}