{
  "last_generated": "1627307695",
  "proto_name": "IN_GBR",
  "name": "IN_GBR",
  "code": "GBR",
  "tested_overall": {
    "values": [
      {
        "date_start_unix": 1625443200,
        "date_end_unix": 1625961600,
        "infected": 190712,
        "infected_per_100k_average": 40.0,
        "date_of_insertion_unix": 1626857123
      },
      {
        "date_start_unix": 1624838400,
        "date_end_unix": 1625356800,
        "infected": 198099,
        "infected_per_100k_average": 41.6,
        "date_of_insertion_unix": 1626857123
      },
      {
        "date_start_unix": 1624233600,
        "date_end_unix": 1624752000,
        "infected": 102394,
        "infected_per_100k_average": 21.5,
        "date_of_insertion_unix": 1626857123
      },
      {
        "date_start_unix": 1623628800,
        "date_end_unix": 1624147200,
        "infected": 56621,
        "infected_per_100k_average": 11.9,
        "date_of_insertion_unix": 1626857123
      },
      {
        "date_start_unix": 1623024000,
        "date_end_unix": 1623542400,
        "infected": 56527,
        "infected_per_100k_average": 11.9,
        "date_of_insertion_unix": 1626857123
      },
      {
        "date_start_unix": 1622419200,
        "date_end_unix": 1622937600,
        "infected": 32836,
        "infected_per_100k_average": 6.9,
        "date_of_insertion_unix": 1626857123
      },
      {
        "date_start_unix": 1621814400,
        "date_end_unix": 1622332800,
        "infected": 21518,
        "infected_per_100k_average": 4.5,
        "date_of_insertion_unix": 1626857123
      },
      {
        "date_start_unix": 1621209600,
        "date_end_unix": 1621728000,
        "infected": 11761,
        "infected_per_100k_average": 2.5,
        "date_of_insertion_unix": 1626857123
      },
      {
        "date_start_unix": 1620604800,
        "date_end_unix": 1621123200,
        "infected": 15917,
        "infected_per_100k_average": 3.3,
        "date_of_insertion_unix": 1626857123
      },
      {
        "date_start_unix": 1620000000,
        "date_end_unix": 1620518400,
        "infected": 14659,
        "infected_per_100k_average": 3.1,
        "date_of_insertion_unix": 1626857123
      },
      {
        "date_start_unix": 1619395200,
        "date_end_unix": 1619913600,
        "infected": 15319,
        "infected_per_100k_average": 3.2,
        "date_of_insertion_unix": 1626857123
      },
      {
        "date_start_unix": 1618790400,
        "date_end_unix": 1619308800,
        "infected": 17062,
        "infected_per_100k_average": 3.6,
        "date_of_insertion_unix": 1626857123
      },
      {
        "date_start_unix": 1618185600,
        "date_end_unix": 1618704000,
        "infected": 14477,
        "infected_per_100k_average": 3.0,
        "date_of_insertion_unix": 1626857123
      },
      {
        "date_start_unix": 1617580800,
        "date_end_unix": 1618099200,
        "infected": 13955,
        "infected_per_100k_average": 2.9,
        "date_of_insertion_unix": 1626857123
      },
      {
        "date_start_unix": 1616976000,
        "date_end_unix": 1617494400,
        "infected": 26346,
        "infected_per_100k_average": 5.5,
        "date_of_insertion_unix": 1626857123
      },
      {
        "date_start_unix": 1616371200,
        "date_end_unix": 1616889600,
        "infected": 36459,
        "infected_per_100k_average": 7.7,
        "date_of_insertion_unix": 1626857123
      },
      {
        "date_start_unix": 1615766400,
        "date_end_unix": 1616284800,
        "infected": 38145,
        "infected_per_100k_average": 8.0,
        "date_of_insertion_unix": 1626857123
      },
      {
        "date_start_unix": 1615161600,
        "date_end_unix": 1615680000,
        "infected": 39918,
        "infected_per_100k_average": 8.4,
        "date_of_insertion_unix": 1626857123
      },
      {
        "date_start_unix": 1614556800,
        "date_end_unix": 1615075200,
        "infected": 41966,
        "infected_per_100k_average": 8.8,
        "date_of_insertion_unix": 1626857123
      },
      {
        "date_start_unix": 1613952000,
        "date_end_unix": 1614470400,
        "infected": 61045,
        "infected_per_100k_average": 12.8,
        "date_of_insertion_unix": 1626857123
      },
      {
        "date_start_unix": 1613347200,
        "date_end_unix": 1613865600,
        "infected": 77431,
        "infected_per_100k_average": 16.3,
        "date_of_insertion_unix": 1626857123
      },
      {
        "date_start_unix": 1612742400,
        "date_end_unix": 1613260800,
        "infected": 78294,
        "infected_per_100k_average": 16.4,
        "date_of_insertion_unix": 1626857123
      },
      {
        "date_start_unix": 1612137600,
        "date_end_unix": 1612656000,
        "infected": 142608,
        "infected_per_100k_average": 29.9,
        "date_of_insertion_unix": 1626857123
      },
      {
        "date_start_unix": 1611532800,
        "date_end_unix": 1612051200,
        "infected": 169713,
        "infected_per_100k_average": 35.6,
        "date_of_insertion_unix": 1626857123
      },
      {
        "date_start_unix": 1610928000,
        "date_end_unix": 1611446400,
        "infected": 251504,
        "infected_per_100k_average": 52.8,
        "date_of_insertion_unix": 1626857123
      },
      {
        "date_start_unix": 1610323200,
        "date_end_unix": 1610841600,
        "infected": 323610,
        "infected_per_100k_average": 67.9,
        "date_of_insertion_unix": 1626857123
      },
      {
        "date_start_unix": 1609718400,
        "date_end_unix": 1610236800,
        "infected": 417570,
        "infected_per_100k_average": 87.6,
        "date_of_insertion_unix": 1626857123
      },
      {
        "date_start_unix": 1609113600,
        "date_end_unix": 1609632000,
        "infected": 325049,
        "infected_per_100k_average": 68.2,
        "date_of_insertion_unix": 1626857123
      },
      {
        "date_start_unix": 1608508800,
        "date_end_unix": 1609027200,
        "infected": 289583,
        "infected_per_100k_average": 60.8,
        "date_of_insertion_unix": 1626857123
      },
      {
        "date_start_unix": 1607904000,
        "date_end_unix": 1608422400,
        "infected": 190744,
        "infected_per_100k_average": 40.0,
        "date_of_insertion_unix": 1626857123
      },
      {
        "date_start_unix": 1607299200,
        "date_end_unix": 1607817600,
        "infected": 126161,
        "infected_per_100k_average": 26.5,
        "date_of_insertion_unix": 1626857123
      },
      {
        "date_start_unix": 1606694400,
        "date_end_unix": 1607212800,
        "infected": 105915,
        "infected_per_100k_average": 22.2,
        "date_of_insertion_unix": 1626857123
      },
      {
        "date_start_unix": 1606089600,
        "date_end_unix": 1606608000,
        "infected": 105282,
        "infected_per_100k_average": 22.1,
        "date_of_insertion_unix": 1626857123
      },
      {
        "date_start_unix": 1605484800,
        "date_end_unix": 1606003200,
        "infected": 142727,
        "infected_per_100k_average": 30.0,
        "date_of_insertion_unix": 1626857123
      },
      {
        "date_start_unix": 1604880000,
        "date_end_unix": 1605398400,
        "infected": 177305,
        "infected_per_100k_average": 37.2,
        "date_of_insertion_unix": 1626857123
      },
      {
        "date_start_unix": 1604275200,
        "date_end_unix": 1604793600,
        "infected": 157099,
        "infected_per_100k_average": 33.0,
        "date_of_insertion_unix": 1626857123
      },
      {
        "date_start_unix": 1603670400,
        "date_end_unix": 1604188800,
        "infected": 161114,
        "infected_per_100k_average": 33.8,
        "date_of_insertion_unix": 1626857123
      },
      {
        "date_start_unix": 1603065600,
        "date_end_unix": 1603584000,
        "infected": 151391,
        "infected_per_100k_average": 31.8,
        "date_of_insertion_unix": 1626857123
      },
      {
        "date_start_unix": 1602460800,
        "date_end_unix": 1602979200,
        "infected": 118693,
        "infected_per_100k_average": 24.9,
        "date_of_insertion_unix": 1626857123
      },
      {
        "date_start_unix": 1601856000,
        "date_end_unix": 1602374400,
        "infected": 100738,
        "infected_per_100k_average": 21.1,
        "date_of_insertion_unix": 1626857123
      },
      {
        "date_start_unix": 1601251200,
        "date_end_unix": 1601769600,
        "infected": 68009,
        "infected_per_100k_average": 14.3,
        "date_of_insertion_unix": 1626857123
      },
      {
        "date_start_unix": 1600646400,
        "date_end_unix": 1601164800,
        "infected": 40712,
        "infected_per_100k_average": 8.5,
        "date_of_insertion_unix": 1626857123
      },
      {
        "date_start_unix": 1600041600,
        "date_end_unix": 1600560000,
        "infected": 25753,
        "infected_per_100k_average": 5.4,
        "date_of_insertion_unix": 1626857123
      },
      {
        "date_start_unix": 1599436800,
        "date_end_unix": 1599955200,
        "infected": 21352,
        "infected_per_100k_average": 4.5,
        "date_of_insertion_unix": 1626857123
      },
      {
        "date_start_unix": 1598832000,
        "date_end_unix": 1599350400,
        "infected": 12685,
        "infected_per_100k_average": 2.7,
        "date_of_insertion_unix": 1626857123
      },
      {
        "date_start_unix": 1598227200,
        "date_end_unix": 1598745600,
        "infected": 8825,
        "infected_per_100k_average": 1.9,
        "date_of_insertion_unix": 1626857123
      },
      {
        "date_start_unix": 1597622400,
        "date_end_unix": 1598140800,
        "infected": 7158,
        "infected_per_100k_average": 1.5,
        "date_of_insertion_unix": 1626857123
      },
      {
        "date_start_unix": 1597017600,
        "date_end_unix": 1597536000,
        "infected": 7659,
        "infected_per_100k_average": 1.6,
        "date_of_insertion_unix": 1626857123
      },
      {
        "date_start_unix": 1596412800,
        "date_end_unix": 1596931200,
        "infected": 6130,
        "infected_per_100k_average": 1.3,
        "date_of_insertion_unix": 1626857123
      },
      {
        "date_start_unix": 1595808000,
        "date_end_unix": 1596326400,
        "infected": 4444,
        "infected_per_100k_average": 0.9,
        "date_of_insertion_unix": 1626857123
      },
      {
        "date_start_unix": 1595203200,
        "date_end_unix": 1595721600,
        "infected": 4549,
        "infected_per_100k_average": 1.0,
        "date_of_insertion_unix": 1626857123
      },
      {
        "date_start_unix": 1594598400,
        "date_end_unix": 1595116800,
        "infected": 4310,
        "infected_per_100k_average": 0.9,
        "date_of_insertion_unix": 1626857123
      },
      {
        "date_start_unix": 1593993600,
        "date_end_unix": 1594512000,
        "infected": 4271,
        "infected_per_100k_average": 0.9,
        "date_of_insertion_unix": 1626857123
      },
      {
        "date_start_unix": 1593388800,
        "date_end_unix": 1593907200,
        "infected": 4026,
        "infected_per_100k_average": 0.8,
        "date_of_insertion_unix": 1626857123
      },
      {
        "date_start_unix": 1592784000,
        "date_end_unix": 1593302400,
        "infected": 5240,
        "infected_per_100k_average": 1.1,
        "date_of_insertion_unix": 1626857123
      },
      {
        "date_start_unix": 1592179200,
        "date_end_unix": 1592697600,
        "infected": 6680,
        "infected_per_100k_average": 1.4,
        "date_of_insertion_unix": 1626857123
      },
      {
        "date_start_unix": 1591574400,
        "date_end_unix": 1592092800,
        "infected": 7136,
        "infected_per_100k_average": 1.5,
        "date_of_insertion_unix": 1626857123
      },
      {
        "date_start_unix": 1590969600,
        "date_end_unix": 1591488000,
        "infected": 8524,
        "infected_per_100k_average": 1.8,
        "date_of_insertion_unix": 1626857123
      },
      {
        "date_start_unix": 1590364800,
        "date_end_unix": 1590883200,
        "infected": 10907,
        "infected_per_100k_average": 2.3,
        "date_of_insertion_unix": 1626857123
      },
      {
        "date_start_unix": 1589760000,
        "date_end_unix": 1590278400,
        "infected": 16360,
        "infected_per_100k_average": 3.4,
        "date_of_insertion_unix": 1626857123
      },
      {
        "date_start_unix": 1589155200,
        "date_end_unix": 1589673600,
        "infected": 19857,
        "infected_per_100k_average": 4.2,
        "date_of_insertion_unix": 1626857123
      },
      {
        "date_start_unix": 1588550400,
        "date_end_unix": 1589068800,
        "infected": 22867,
        "infected_per_100k_average": 4.8,
        "date_of_insertion_unix": 1626857123
      },
      {
        "date_start_unix": 1587945600,
        "date_end_unix": 1588464000,
        "infected": 31282,
        "infected_per_100k_average": 6.6,
        "date_of_insertion_unix": 1626857123
      },
      {
        "date_start_unix": 1587340800,
        "date_end_unix": 1587859200,
        "infected": 32830,
        "infected_per_100k_average": 6.9,
        "date_of_insertion_unix": 1626857123
      },
      {
        "date_start_unix": 1586736000,
        "date_end_unix": 1587254400,
        "infected": 32027,
        "infected_per_100k_average": 6.7,
        "date_of_insertion_unix": 1626857123
      },
      {
        "date_start_unix": 1586131200,
        "date_end_unix": 1586649600,
        "infected": 32205,
        "infected_per_100k_average": 6.8,
        "date_of_insertion_unix": 1626857123
      },
      {
        "date_start_unix": 1585526400,
        "date_end_unix": 1586044800,
        "infected": 30357,
        "infected_per_100k_average": 6.4,
        "date_of_insertion_unix": 1626857123
      },
      {
        "date_start_unix": 1584921600,
        "date_end_unix": 1585440000,
        "infected": 17889,
        "infected_per_100k_average": 3.8,
        "date_of_insertion_unix": 1626857123
      },
      {
        "date_start_unix": 1584316800,
        "date_end_unix": 1584835200,
        "infected": 6329,
        "infected_per_100k_average": 1.3,
        "date_of_insertion_unix": 1626857123
      },
      {
        "date_start_unix": 1583712000,
        "date_end_unix": 1584230400,
        "infected": 2193,
        "infected_per_100k_average": 0.5,
        "date_of_insertion_unix": 1626857123
      },
      {
        "date_start_unix": 1583107200,
        "date_end_unix": 1583625600,
        "infected": 365,
        "infected_per_100k_average": 0.1,
        "date_of_insertion_unix": 1626857123
      },
      {
        "date_start_unix": 1582502400,
        "date_end_unix": 1583020800,
        "infected": 36,
        "infected_per_100k_average": 0.0,
        "date_of_insertion_unix": 1626857123
      },
      {
        "date_start_unix": 1581897600,
        "date_end_unix": 1582416000,
        "infected": 1,
        "infected_per_100k_average": 0.0,
        "date_of_insertion_unix": 1626857123
      },
      {
        "date_start_unix": 1581292800,
        "date_end_unix": 1581811200,
        "infected": 2,
        "infected_per_100k_average": 0.0,
        "date_of_insertion_unix": 1626857123
      },
      {
        "date_start_unix": 1580688000,
        "date_end_unix": 1581206400,
        "infected": 6,
        "infected_per_100k_average": 0.0,
        "date_of_insertion_unix": 1626857123
      },
      {
        "date_start_unix": 1580083200,
        "date_end_unix": 1580601600,
        "infected": 2,
        "infected_per_100k_average": 0.0,
        "date_of_insertion_unix": 1626857123
      },
      {
        "date_start_unix": 1579478400,
        "date_end_unix": 1579996800,
        "infected": 0,
        "infected_per_100k_average": 0.0,
        "date_of_insertion_unix": 1626857123
      },
      {
        "date_start_unix": 1578873600,
        "date_end_unix": 1579392000,
        "infected": 0,
        "infected_per_100k_average": 0.0,
        "date_of_insertion_unix": 1626857123
      },
      {
        "date_start_unix": 1578268800,
        "date_end_unix": 1578787200,
        "infected": 0,
        "infected_per_100k_average": 0.0,
        "date_of_insertion_unix": 1626857123
      },
      {
        "date_start_unix": 1577664000,
        "date_end_unix": 1578182400,
        "infected": 0,
        "infected_per_100k_average": 0.0,
        "date_of_insertion_unix": 1626857123
      }
    ],
    "last_value": {
      "date_start_unix": 1625443200,
      "date_end_unix": 1625961600,
      "infected": 190712,
      "infected_per_100k_average": 40.0,
      "date_of_insertion_unix": 1626857123
    }
  },
  "variants": {},
  "named_difference": {}
}