{
  "last_generated": "1627307510",
  "proto_name": "VR_COLLECTION",
  "name": "VR_COLLECTION",
  "code": "VR_COLLECTION",
  "escalation_levels": [
    {
      "vrcode": "VR13",
      "level": 4,
      "based_on_statistics_from_unix": 1625443200,
      "based_on_statistics_to_unix": 1625961600,
      "next_determined_unix": 1626825600,
      "last_determined_unix": 1626134400,
      "valid_from_unix": 1626134400,
      "positive_tested_per_100k": 646.0,
      "hospital_admissions_per_million": 5.6,
      "date_of_insertion_unix": 1626856500
    },
    {
      "vrcode": "VR21",
      "level": 3,
      "based_on_statistics_from_unix": 1625443200,
      "based_on_statistics_to_unix": 1625961600,
      "next_determined_unix": 1626825600,
      "last_determined_unix": 1626134400,
      "valid_from_unix": 1626134400,
      "positive_tested_per_100k": 130.0,
      "hospital_admissions_per_million": 7.6,
      "date_of_insertion_unix": 1626856500
    },
    {
      "vrcode": "VR22",
      "level": 3,
      "based_on_statistics_from_unix": 1625443200,
      "based_on_statistics_to_unix": 1625961600,
      "next_determined_unix": 1626825600,
      "last_determined_unix": 1626134400,
      "valid_from_unix": 1626134400,
      "positive_tested_per_100k": 200.0,
      "hospital_admissions_per_million": 2.6,
      "date_of_insertion_unix": 1626856500
    },
    {
      "vrcode": "VR03",
      "level": 3,
      "based_on_statistics_from_unix": 1625443200,
      "based_on_statistics_to_unix": 1625961600,
      "next_determined_unix": 1626825600,
      "last_determined_unix": 1626134400,
      "valid_from_unix": 1626134400,
      "positive_tested_per_100k": 120.0,
      "hospital_admissions_per_million": 4.1,
      "date_of_insertion_unix": 1626856500
    },
    {
      "vrcode": "VR25",
      "level": 3,
      "based_on_statistics_from_unix": 1625443200,
      "based_on_statistics_to_unix": 1625961600,
      "next_determined_unix": 1626825600,
      "last_determined_unix": 1626134400,
      "valid_from_unix": 1626134400,
      "positive_tested_per_100k": 119.0,
      "hospital_admissions_per_million": 7.1,
      "date_of_insertion_unix": 1626856500
    },
    {
      "vrcode": "VR02",
      "level": 3,
      "based_on_statistics_from_unix": 1625443200,
      "based_on_statistics_to_unix": 1625961600,
      "next_determined_unix": 1626825600,
      "last_determined_unix": 1626134400,
      "valid_from_unix": 1626134400,
      "positive_tested_per_100k": 153.0,
      "hospital_admissions_per_million": 0.0,
      "date_of_insertion_unix": 1626856500
    },
    {
      "vrcode": "VR07",
      "level": 3,
      "based_on_statistics_from_unix": 1625443200,
      "based_on_statistics_to_unix": 1625961600,
      "next_determined_unix": 1626825600,
      "last_determined_unix": 1626134400,
      "valid_from_unix": 1626134400,
      "positive_tested_per_100k": 171.0,
      "hospital_admissions_per_million": 0.0,
      "date_of_insertion_unix": 1626856500
    },
    {
      "vrcode": "VR08",
      "level": 3,
      "based_on_statistics_from_unix": 1625443200,
      "based_on_statistics_to_unix": 1625961600,
      "next_determined_unix": 1626825600,
      "last_determined_unix": 1626134400,
      "valid_from_unix": 1626134400,
      "positive_tested_per_100k": 196.0,
      "hospital_admissions_per_million": 1.8,
      "date_of_insertion_unix": 1626856500
    },
    {
      "vrcode": "VR14",
      "level": 4,
      "based_on_statistics_from_unix": 1625443200,
      "based_on_statistics_to_unix": 1625961600,
      "next_determined_unix": 1626825600,
      "last_determined_unix": 1626134400,
      "valid_from_unix": 1626134400,
      "positive_tested_per_100k": 365.0,
      "hospital_admissions_per_million": 0.0,
      "date_of_insertion_unix": 1626856500
    },
    {
      "vrcode": "VR01",
      "level": 4,
      "based_on_statistics_from_unix": 1625443200,
      "based_on_statistics_to_unix": 1625961600,
      "next_determined_unix": 1626825600,
      "last_determined_unix": 1626134400,
      "valid_from_unix": 1626134400,
      "positive_tested_per_100k": 509.0,
      "hospital_admissions_per_million": 0.0,
      "date_of_insertion_unix": 1626856500
    },
    {
      "vrcode": "VR15",
      "level": 4,
      "based_on_statistics_from_unix": 1625443200,
      "based_on_statistics_to_unix": 1625961600,
      "next_determined_unix": 1626825600,
      "last_determined_unix": 1626134400,
      "valid_from_unix": 1626134400,
      "positive_tested_per_100k": 270.0,
      "hospital_admissions_per_million": 2.7,
      "date_of_insertion_unix": 1626856500
    },
    {
      "vrcode": "VR16",
      "level": 4,
      "based_on_statistics_from_unix": 1625443200,
      "based_on_statistics_to_unix": 1625961600,
      "next_determined_unix": 1626825600,
      "last_determined_unix": 1626134400,
      "valid_from_unix": 1626134400,
      "positive_tested_per_100k": 326.0,
      "hospital_admissions_per_million": 4.9,
      "date_of_insertion_unix": 1626856500
    },
    {
      "vrcode": "VR04",
      "level": 3,
      "based_on_statistics_from_unix": 1625443200,
      "based_on_statistics_to_unix": 1625961600,
      "next_determined_unix": 1626825600,
      "last_determined_unix": 1626134400,
      "valid_from_unix": 1626134400,
      "positive_tested_per_100k": 168.0,
      "hospital_admissions_per_million": 1.9,
      "date_of_insertion_unix": 1626856500
    },
    {
      "vrcode": "VR12",
      "level": 4,
      "based_on_statistics_from_unix": 1625443200,
      "based_on_statistics_to_unix": 1625961600,
      "next_determined_unix": 1626825600,
      "last_determined_unix": 1626134400,
      "valid_from_unix": 1626134400,
      "positive_tested_per_100k": 342.0,
      "hospital_admissions_per_million": 1.8,
      "date_of_insertion_unix": 1626856500
    },
    {
      "vrcode": "VR23",
      "level": 3,
      "based_on_statistics_from_unix": 1625443200,
      "based_on_statistics_to_unix": 1625961600,
      "next_determined_unix": 1626825600,
      "last_determined_unix": 1626134400,
      "valid_from_unix": 1626134400,
      "positive_tested_per_100k": 114.0,
      "hospital_admissions_per_million": 0.0,
      "date_of_insertion_unix": 1626856500
    },
    {
      "vrcode": "VR20",
      "level": 4,
      "based_on_statistics_from_unix": 1625443200,
      "based_on_statistics_to_unix": 1625961600,
      "next_determined_unix": 1626825600,
      "last_determined_unix": 1626134400,
      "valid_from_unix": 1626134400,
      "positive_tested_per_100k": 271.0,
      "hospital_admissions_per_million": 0.0,
      "date_of_insertion_unix": 1626856500
    },
    {
      "vrcode": "VR06",
      "level": 3,
      "based_on_statistics_from_unix": 1625443200,
      "based_on_statistics_to_unix": 1625961600,
      "next_determined_unix": 1626825600,
      "last_determined_unix": 1626134400,
      "valid_from_unix": 1626134400,
      "positive_tested_per_100k": 170.0,
      "hospital_admissions_per_million": 2.4,
      "date_of_insertion_unix": 1626856500
    },
    {
      "vrcode": "VR10",
      "level": 3,
      "based_on_statistics_from_unix": 1625443200,
      "based_on_statistics_to_unix": 1625961600,
      "next_determined_unix": 1626825600,
      "last_determined_unix": 1626134400,
      "valid_from_unix": 1626134400,
      "positive_tested_per_100k": 147.0,
      "hospital_admissions_per_million": 1.5,
      "date_of_insertion_unix": 1626856500
    },
    {
      "vrcode": "VR17",
      "level": 4,
      "based_on_statistics_from_unix": 1625443200,
      "based_on_statistics_to_unix": 1625961600,
      "next_determined_unix": 1626825600,
      "last_determined_unix": 1626134400,
      "valid_from_unix": 1626134400,
      "positive_tested_per_100k": 337.0,
      "hospital_admissions_per_million": 6.8,
      "date_of_insertion_unix": 1626856500
    },
    {
      "vrcode": "VR05",
      "level": 4,
      "based_on_statistics_from_unix": 1625443200,
      "based_on_statistics_to_unix": 1625961600,
      "next_determined_unix": 1626825600,
      "last_determined_unix": 1626134400,
      "valid_from_unix": 1626134400,
      "positive_tested_per_100k": 266.0,
      "hospital_admissions_per_million": 3.2,
      "date_of_insertion_unix": 1626856500
    },
    {
      "vrcode": "VR09",
      "level": 4,
      "based_on_statistics_from_unix": 1625443200,
      "based_on_statistics_to_unix": 1625961600,
      "next_determined_unix": 1626825600,
      "last_determined_unix": 1626134400,
      "valid_from_unix": 1626134400,
      "positive_tested_per_100k": 411.0,
      "hospital_admissions_per_million": 3.0,
      "date_of_insertion_unix": 1626856500
    },
    {
      "vrcode": "VR11",
      "level": 4,
      "based_on_statistics_from_unix": 1625443200,
      "based_on_statistics_to_unix": 1625961600,
      "next_determined_unix": 1626825600,
      "last_determined_unix": 1626134400,
      "valid_from_unix": 1626134400,
      "positive_tested_per_100k": 252.0,
      "hospital_admissions_per_million": 2.9,
      "date_of_insertion_unix": 1626856500
    },
    {
      "vrcode": "VR19",
      "level": 2,
      "based_on_statistics_from_unix": 1625443200,
      "based_on_statistics_to_unix": 1625961600,
      "next_determined_unix": 1626825600,
      "last_determined_unix": 1626134400,
      "valid_from_unix": 1624320000,
      "positive_tested_per_100k": 88.0,
      "hospital_admissions_per_million": 7.8,
      "date_of_insertion_unix": 1626856500
    },
    {
      "vrcode": "VR18",
      "level": 3,
      "based_on_statistics_from_unix": 1625443200,
      "based_on_statistics_to_unix": 1625961600,
      "next_determined_unix": 1626825600,
      "last_determined_unix": 1626134400,
      "valid_from_unix": 1626134400,
      "positive_tested_per_100k": 150.0,
      "hospital_admissions_per_million": 2.2,
      "date_of_insertion_unix": 1626856500
    },
    {
      "vrcode": "VR24",
      "level": 3,
      "based_on_statistics_from_unix": 1625443200,
      "based_on_statistics_to_unix": 1625961600,
      "next_determined_unix": 1626825600,
      "last_determined_unix": 1626134400,
      "valid_from_unix": 1626134400,
      "positive_tested_per_100k": 112.0,
      "hospital_admissions_per_million": 6.7,
      "date_of_insertion_unix": 1626856500
    }
  ],
  "tested_overall": [
    {
      "date_unix": 1626652800,
      "vrcode": "VR01",
      "infected_per_100k": 78.7,
      "infected": 461,
      "date_of_insertion_unix": 1626701316
    },
    {
      "date_unix": 1626652800,
      "vrcode": "VR02",
      "infected_per_100k": 40.6,
      "infected": 264,
      "date_of_insertion_unix": 1626701316
    },
    {
      "date_unix": 1626652800,
      "vrcode": "VR03",
      "infected_per_100k": 34.0,
      "infected": 168,
      "date_of_insertion_unix": 1626701316
    },
    {
      "date_unix": 1626652800,
      "vrcode": "VR04",
      "infected_per_100k": 60.0,
      "infected": 319,
      "date_of_insertion_unix": 1626701316
    },
    {
      "date_unix": 1626652800,
      "vrcode": "VR05",
      "infected_per_100k": 73.1,
      "infected": 461,
      "date_of_insertion_unix": 1626701316
    },
    {
      "date_unix": 1626652800,
      "vrcode": "VR06",
      "infected_per_100k": 39.1,
      "infected": 324,
      "date_of_insertion_unix": 1626701316
    },
    {
      "date_unix": 1626652800,
      "vrcode": "VR07",
      "infected_per_100k": 41.9,
      "infected": 292,
      "date_of_insertion_unix": 1626701316
    },
    {
      "date_unix": 1626652800,
      "vrcode": "VR08",
      "infected_per_100k": 50.2,
      "infected": 282,
      "date_of_insertion_unix": 1626701316
    },
    {
      "date_unix": 1626652800,
      "vrcode": "VR09",
      "infected_per_100k": 46.1,
      "infected": 624,
      "date_of_insertion_unix": 1626701316
    },
    {
      "date_unix": 1626652800,
      "vrcode": "VR10",
      "infected_per_100k": 50.5,
      "infected": 335,
      "date_of_insertion_unix": 1626701316
    },
    {
      "date_unix": 1626652800,
      "vrcode": "VR11",
      "infected_per_100k": 50.1,
      "infected": 170,
      "date_of_insertion_unix": 1626701316
    },
    {
      "date_unix": 1626652800,
      "vrcode": "VR12",
      "infected_per_100k": 77.1,
      "infected": 424,
      "date_of_insertion_unix": 1626701316
    },
    {
      "date_unix": 1626652800,
      "vrcode": "VR13",
      "infected_per_100k": 65.8,
      "infected": 704,
      "date_of_insertion_unix": 1626701316
    },
    {
      "date_unix": 1626652800,
      "vrcode": "VR14",
      "infected_per_100k": 58.7,
      "infected": 151,
      "date_of_insertion_unix": 1626701316
    },
    {
      "date_unix": 1626652800,
      "vrcode": "VR15",
      "infected_per_100k": 75.4,
      "infected": 842,
      "date_of_insertion_unix": 1626701316
    },
    {
      "date_unix": 1626652800,
      "vrcode": "VR16",
      "infected_per_100k": 60.9,
      "infected": 493,
      "date_of_insertion_unix": 1626701316
    },
    {
      "date_unix": 1626652800,
      "vrcode": "VR17",
      "infected_per_100k": 58.7,
      "infected": 777,
      "date_of_insertion_unix": 1626701316
    },
    {
      "date_unix": 1626652800,
      "vrcode": "VR18",
      "infected_per_100k": 33.7,
      "infected": 155,
      "date_of_insertion_unix": 1626701316
    },
    {
      "date_unix": 1626652800,
      "vrcode": "VR19",
      "infected_per_100k": 22.9,
      "infected": 88,
      "date_of_insertion_unix": 1626701316
    },
    {
      "date_unix": 1626652800,
      "vrcode": "VR20",
      "infected_per_100k": 52.6,
      "infected": 592,
      "date_of_insertion_unix": 1626701316
    },
    {
      "date_unix": 1626652800,
      "vrcode": "VR21",
      "infected_per_100k": 46.8,
      "infected": 307,
      "date_of_insertion_unix": 1626701316
    },
    {
      "date_unix": 1626652800,
      "vrcode": "VR22",
      "infected_per_100k": 33.6,
      "infected": 262,
      "date_of_insertion_unix": 1626701316
    },
    {
      "date_unix": 1626652800,
      "vrcode": "VR23",
      "infected_per_100k": 27.5,
      "infected": 143,
      "date_of_insertion_unix": 1626701316
    },
    {
      "date_unix": 1626652800,
      "vrcode": "VR24",
      "infected_per_100k": 33.7,
      "infected": 201,
      "date_of_insertion_unix": 1626701316
    },
    {
      "date_unix": 1626652800,
      "vrcode": "VR25",
      "infected_per_100k": 20.6,
      "infected": 87,
      "date_of_insertion_unix": 1626701316
    }
  ],
  "hospital_nice": [
    {
      "date_unix": 1626652800,
      "vrcode": "VR01",
      "admissions_on_date_of_admission": 0.0,
      "admissions_on_date_of_reporting": 5.0,
      "date_of_insertion_unix": 1626856726
    },
    {
      "date_unix": 1626652800,
      "vrcode": "VR02",
      "admissions_on_date_of_admission": 0.0,
      "admissions_on_date_of_reporting": 2.0,
      "date_of_insertion_unix": 1626856726
    },
    {
      "date_unix": 1626652800,
      "vrcode": "VR03",
      "admissions_on_date_of_admission": 0.0,
      "admissions_on_date_of_reporting": 0.0,
      "date_of_insertion_unix": 1626856726
    },
    {
      "date_unix": 1626652800,
      "vrcode": "VR04",
      "admissions_on_date_of_admission": 2.0,
      "admissions_on_date_of_reporting": 3.0,
      "date_of_insertion_unix": 1626856726
    },
    {
      "date_unix": 1626652800,
      "vrcode": "VR05",
      "admissions_on_date_of_admission": 5.0,
      "admissions_on_date_of_reporting": 8.0,
      "date_of_insertion_unix": 1626856726
    },
    {
      "date_unix": 1626652800,
      "vrcode": "VR06",
      "admissions_on_date_of_admission": 2.0,
      "admissions_on_date_of_reporting": 13.0,
      "date_of_insertion_unix": 1626856726
    },
    {
      "date_unix": 1626652800,
      "vrcode": "VR07",
      "admissions_on_date_of_admission": 0.0,
      "admissions_on_date_of_reporting": 0.0,
      "date_of_insertion_unix": 1626856726
    },
    {
      "date_unix": 1626652800,
      "vrcode": "VR08",
      "admissions_on_date_of_admission": 0.0,
      "admissions_on_date_of_reporting": 0.0,
      "date_of_insertion_unix": 1626856726
    },
    {
      "date_unix": 1626652800,
      "vrcode": "VR09",
      "admissions_on_date_of_admission": 2.0,
      "admissions_on_date_of_reporting": 11.0,
      "date_of_insertion_unix": 1626856726
    },
    {
      "date_unix": 1626652800,
      "vrcode": "VR10",
      "admissions_on_date_of_admission": 2.0,
      "admissions_on_date_of_reporting": 4.0,
      "date_of_insertion_unix": 1626856726
    },
    {
      "date_unix": 1626652800,
      "vrcode": "VR11",
      "admissions_on_date_of_admission": 2.0,
      "admissions_on_date_of_reporting": 3.0,
      "date_of_insertion_unix": 1626856726
    },
    {
      "date_unix": 1626652800,
      "vrcode": "VR12",
      "admissions_on_date_of_admission": 0.0,
      "admissions_on_date_of_reporting": 6.0,
      "date_of_insertion_unix": 1626856726
    },
    {
      "date_unix": 1626652800,
      "vrcode": "VR13",
      "admissions_on_date_of_admission": 5.0,
      "admissions_on_date_of_reporting": 10.0,
      "date_of_insertion_unix": 1626856726
    },
    {
      "date_unix": 1626652800,
      "vrcode": "VR14",
      "admissions_on_date_of_admission": 1.0,
      "admissions_on_date_of_reporting": 1.0,
      "date_of_insertion_unix": 1626856726
    },
    {
      "date_unix": 1626652800,
      "vrcode": "VR15",
      "admissions_on_date_of_admission": 0.0,
      "admissions_on_date_of_reporting": 7.0,
      "date_of_insertion_unix": 1626856726
    },
    {
      "date_unix": 1626652800,
      "vrcode": "VR16",
      "admissions_on_date_of_admission": 1.0,
      "admissions_on_date_of_reporting": 3.0,
      "date_of_insertion_unix": 1626856726
    },
    {
      "date_unix": 1626652800,
      "vrcode": "VR17",
      "admissions_on_date_of_admission": 4.0,
      "admissions_on_date_of_reporting": 9.0,
      "date_of_insertion_unix": 1626856726
    },
    {
      "date_unix": 1626652800,
      "vrcode": "VR18",
      "admissions_on_date_of_admission": 0.0,
      "admissions_on_date_of_reporting": 1.0,
      "date_of_insertion_unix": 1626856726
    },
    {
      "date_unix": 1626652800,
      "vrcode": "VR19",
      "admissions_on_date_of_admission": 0.0,
      "admissions_on_date_of_reporting": 0.0,
      "date_of_insertion_unix": 1626856726
    },
    {
      "date_unix": 1626652800,
      "vrcode": "VR20",
      "admissions_on_date_of_admission": 2.0,
      "admissions_on_date_of_reporting": 5.0,
      "date_of_insertion_unix": 1626856726
    },
    {
      "date_unix": 1626652800,
      "vrcode": "VR21",
      "admissions_on_date_of_admission": 0.0,
      "admissions_on_date_of_reporting": 0.0,
      "date_of_insertion_unix": 1626856726
    },
    {
      "date_unix": 1626652800,
      "vrcode": "VR22",
      "admissions_on_date_of_admission": 0.0,
      "admissions_on_date_of_reporting": 1.0,
      "date_of_insertion_unix": 1626856726
    },
    {
      "date_unix": 1626652800,
      "vrcode": "VR23",
      "admissions_on_date_of_admission": 0.0,
      "admissions_on_date_of_reporting": 3.0,
      "date_of_insertion_unix": 1626856726
    },
    {
      "date_unix": 1626652800,
      "vrcode": "VR24",
      "admissions_on_date_of_admission": 0.0,
      "admissions_on_date_of_reporting": 1.0,
      "date_of_insertion_unix": 1626856726
    },
    {
      "date_unix": 1626652800,
      "vrcode": "VR25",
      "admissions_on_date_of_admission": 0.0,
      "admissions_on_date_of_reporting": 0.0,
      "date_of_insertion_unix": 1626856726
    }
  ],
  "nursing_home": [
    {
      "date_unix": 1626652800,
      "vrcode": "VR01",
      "newly_infected_people": 0,
      "newly_infected_locations": 0,
      "infected_locations_total": 2,
      "infected_locations_percentage": 2.5,
      "deceased_daily": 0,
      "date_of_insertion_unix": 1626856426
    },
    {
      "date_unix": 1626652800,
      "vrcode": "VR02",
      "newly_infected_people": 1,
      "newly_infected_locations": 0,
      "infected_locations_total": 2,
      "infected_locations_percentage": 1.56,
      "deceased_daily": 0,
      "date_of_insertion_unix": 1626856426
    },
    {
      "date_unix": 1626652800,
      "vrcode": "VR03",
      "newly_infected_people": 0,
      "newly_infected_locations": 0,
      "infected_locations_total": 2,
      "infected_locations_percentage": 2.02,
      "deceased_daily": 0,
      "date_of_insertion_unix": 1626856426
    },
    {
      "date_unix": 1626652800,
      "vrcode": "VR04",
      "newly_infected_people": 1,
      "newly_infected_locations": 2,
      "infected_locations_total": 3,
      "infected_locations_percentage": 3.49,
      "deceased_daily": 0,
      "date_of_insertion_unix": 1626856426
    },
    {
      "date_unix": 1626652800,
      "vrcode": "VR05",
      "newly_infected_people": 0,
      "newly_infected_locations": 0,
      "infected_locations_total": 1,
      "infected_locations_percentage": 0.88,
      "deceased_daily": 0,
      "date_of_insertion_unix": 1626856426
    },
    {
      "date_unix": 1626652800,
      "vrcode": "VR06",
      "newly_infected_people": 1,
      "newly_infected_locations": 1,
      "infected_locations_total": 5,
      "infected_locations_percentage": 3.18,
      "deceased_daily": 0,
      "date_of_insertion_unix": 1626856426
    },
    {
      "date_unix": 1626652800,
      "vrcode": "VR07",
      "newly_infected_people": 0,
      "newly_infected_locations": 0,
      "infected_locations_total": 1,
      "infected_locations_percentage": 0.85,
      "deceased_daily": 0,
      "date_of_insertion_unix": 1626856426
    },
    {
      "date_unix": 1626652800,
      "vrcode": "VR08",
      "newly_infected_people": 0,
      "newly_infected_locations": 0,
      "infected_locations_total": 1,
      "infected_locations_percentage": 1.23,
      "deceased_daily": 0,
      "date_of_insertion_unix": 1626856426
    },
    {
      "date_unix": 1626652800,
      "vrcode": "VR09",
      "newly_infected_people": 3,
      "newly_infected_locations": 0,
      "infected_locations_total": 3,
      "infected_locations_percentage": 1.6,
      "deceased_daily": 0,
      "date_of_insertion_unix": 1626856426
    },
    {
      "date_unix": 1626652800,
      "vrcode": "VR10",
      "newly_infected_people": 1,
      "newly_infected_locations": 0,
      "infected_locations_total": 2,
      "infected_locations_percentage": 1.9,
      "deceased_daily": 0,
      "date_of_insertion_unix": 1626856426
    },
    {
      "date_unix": 1626652800,
      "vrcode": "VR11",
      "newly_infected_people": 1,
      "newly_infected_locations": 0,
      "infected_locations_total": 1,
      "infected_locations_percentage": 2.86,
      "deceased_daily": 0,
      "date_of_insertion_unix": 1626856426
    },
    {
      "date_unix": 1626652800,
      "vrcode": "VR12",
      "newly_infected_people": 0,
      "newly_infected_locations": 0,
      "infected_locations_total": 1,
      "infected_locations_percentage": 1.45,
      "deceased_daily": 0,
      "date_of_insertion_unix": 1626856426
    },
    {
      "date_unix": 1626652800,
      "vrcode": "VR13",
      "newly_infected_people": 0,
      "newly_infected_locations": 0,
      "infected_locations_total": 4,
      "infected_locations_percentage": 4.76,
      "deceased_daily": 0,
      "date_of_insertion_unix": 1626856426
    },
    {
      "date_unix": 1626652800,
      "vrcode": "VR14",
      "newly_infected_people": 1,
      "newly_infected_locations": 0,
      "infected_locations_total": 0,
      "infected_locations_percentage": 0.0,
      "deceased_daily": 0,
      "date_of_insertion_unix": 1626856426
    },
    {
      "date_unix": 1626652800,
      "vrcode": "VR15",
      "newly_infected_people": 0,
      "newly_infected_locations": 0,
      "infected_locations_total": 2,
      "infected_locations_percentage": 1.71,
      "deceased_daily": 0,
      "date_of_insertion_unix": 1626856426
    },
    {
      "date_unix": 1626652800,
      "vrcode": "VR16",
      "newly_infected_people": 1,
      "newly_infected_locations": 0,
      "infected_locations_total": 3,
      "infected_locations_percentage": 3.09,
      "deceased_daily": 0,
      "date_of_insertion_unix": 1626856426
    },
    {
      "date_unix": 1626652800,
      "vrcode": "VR17",
      "newly_infected_people": 1,
      "newly_infected_locations": 0,
      "infected_locations_total": 4,
      "infected_locations_percentage": 2.72,
      "deceased_daily": 0,
      "date_of_insertion_unix": 1626856426
    },
    {
      "date_unix": 1626652800,
      "vrcode": "VR18",
      "newly_infected_people": 1,
      "newly_infected_locations": 0,
      "infected_locations_total": 2,
      "infected_locations_percentage": 3.45,
      "deceased_daily": 0,
      "date_of_insertion_unix": 1626856426
    },
    {
      "date_unix": 1626652800,
      "vrcode": "VR19",
      "newly_infected_people": 0,
      "newly_infected_locations": 0,
      "infected_locations_total": 3,
      "infected_locations_percentage": 3.53,
      "deceased_daily": 0,
      "date_of_insertion_unix": 1626856426
    },
    {
      "date_unix": 1626652800,
      "vrcode": "VR20",
      "newly_infected_people": 0,
      "newly_infected_locations": 0,
      "infected_locations_total": 6,
      "infected_locations_percentage": 3.73,
      "deceased_daily": 0,
      "date_of_insertion_unix": 1626856426
    },
    {
      "date_unix": 1626652800,
      "vrcode": "VR21",
      "newly_infected_people": 0,
      "newly_infected_locations": 0,
      "infected_locations_total": 4,
      "infected_locations_percentage": 4.44,
      "deceased_daily": 0,
      "date_of_insertion_unix": 1626856426
    },
    {
      "date_unix": 1626652800,
      "vrcode": "VR22",
      "newly_infected_people": 0,
      "newly_infected_locations": 0,
      "infected_locations_total": 0,
      "infected_locations_percentage": 0.0,
      "deceased_daily": 0,
      "date_of_insertion_unix": 1626856426
    },
    {
      "date_unix": 1626652800,
      "vrcode": "VR23",
      "newly_infected_people": 0,
      "newly_infected_locations": 0,
      "infected_locations_total": 0,
      "infected_locations_percentage": 0.0,
      "deceased_daily": 0,
      "date_of_insertion_unix": 1626856426
    },
    {
      "date_unix": 1626652800,
      "vrcode": "VR24",
      "newly_infected_people": 0,
      "newly_infected_locations": 0,
      "infected_locations_total": 3,
      "infected_locations_percentage": 3.06,
      "deceased_daily": 0,
      "date_of_insertion_unix": 1626856426
    },
    {
      "date_unix": 1626652800,
      "vrcode": "VR25",
      "newly_infected_people": 0,
      "newly_infected_locations": 0,
      "infected_locations_total": 0,
      "infected_locations_percentage": 0.0,
      "deceased_daily": 0,
      "date_of_insertion_unix": 1626856426
    }
  ],
  "sewer": [
    {
      "date_start_unix": 1626048000,
      "date_end_unix": 1626566400,
      "vrcode": "VR01",
      "average": 517.13,
      "total_installation_count": 25,
      "date_of_insertion_unix": 1626856680
    },
    {
      "date_start_unix": 1626048000,
      "date_end_unix": 1626566400,
      "vrcode": "VR02",
      "average": 416.57,
      "total_installation_count": 29,
      "date_of_insertion_unix": 1626856680
    },
    {
      "date_start_unix": 1626048000,
      "date_end_unix": 1626566400,
      "vrcode": "VR03",
      "average": 326.48,
      "total_installation_count": 16,
      "date_of_insertion_unix": 1626856680
    },
    {
      "date_start_unix": 1626048000,
      "date_end_unix": 1626566400,
      "vrcode": "VR04",
      "average": 433.06,
      "total_installation_count": 25,
      "date_of_insertion_unix": 1626856680
    },
    {
      "date_start_unix": 1626048000,
      "date_end_unix": 1626566400,
      "vrcode": "VR05",
      "average": 834.9,
      "total_installation_count": 21,
      "date_of_insertion_unix": 1626856680
    },
    {
      "date_start_unix": 1626048000,
      "date_end_unix": 1626566400,
      "vrcode": "VR06",
      "average": 462.78,
      "total_installation_count": 25,
      "date_of_insertion_unix": 1626856680
    },
    {
      "date_start_unix": 1626048000,
      "date_end_unix": 1626566400,
      "vrcode": "VR07",
      "average": 637.01,
      "total_installation_count": 17,
      "date_of_insertion_unix": 1626856680
    },
    {
      "date_start_unix": 1626048000,
      "date_end_unix": 1626566400,
      "vrcode": "VR08",
      "average": 642.07,
      "total_installation_count": 22,
      "date_of_insertion_unix": 1626856680
    },
    {
      "date_start_unix": 1626048000,
      "date_end_unix": 1626566400,
      "vrcode": "VR09",
      "average": 821.55,
      "total_installation_count": 34,
      "date_of_insertion_unix": 1626856680
    },
    {
      "date_start_unix": 1626048000,
      "date_end_unix": 1626566400,
      "vrcode": "VR10",
      "average": 434.37,
      "total_installation_count": 13,
      "date_of_insertion_unix": 1626856680
    },
    {
      "date_start_unix": 1626048000,
      "date_end_unix": 1626566400,
      "vrcode": "VR11",
      "average": 298.0,
      "total_installation_count": 8,
      "date_of_insertion_unix": 1626856680
    },
    {
      "date_start_unix": 1626048000,
      "date_end_unix": 1626566400,
      "vrcode": "VR12",
      "average": 814.83,
      "total_installation_count": 10,
      "date_of_insertion_unix": 1626856680
    },
    {
      "date_start_unix": 1626048000,
      "date_end_unix": 1626566400,
      "vrcode": "VR13",
      "average": 737.4,
      "total_installation_count": 7,
      "date_of_insertion_unix": 1626856680
    },
    {
      "date_start_unix": 1626048000,
      "date_end_unix": 1626566400,
      "vrcode": "VR14",
      "average": 642.65,
      "total_installation_count": 7,
      "date_of_insertion_unix": 1626856680
    },
    {
      "date_start_unix": 1626048000,
      "date_end_unix": 1626566400,
      "vrcode": "VR15",
      "average": 617.91,
      "total_installation_count": 5,
      "date_of_insertion_unix": 1626856680
    },
    {
      "date_start_unix": 1626048000,
      "date_end_unix": 1626566400,
      "vrcode": "VR16",
      "average": 426.17,
      "total_installation_count": 26,
      "date_of_insertion_unix": 1626856680
    },
    {
      "date_start_unix": 1626048000,
      "date_end_unix": 1626566400,
      "vrcode": "VR17",
      "average": 583.43,
      "total_installation_count": 23,
      "date_of_insertion_unix": 1626856680
    },
    {
      "date_start_unix": 1626048000,
      "date_end_unix": 1626566400,
      "vrcode": "VR18",
      "average": 329.94,
      "total_installation_count": 15,
      "date_of_insertion_unix": 1626856680
    },
    {
      "date_start_unix": 1626048000,
      "date_end_unix": 1626566400,
      "vrcode": "VR19",
      "average": 554.43,
      "total_installation_count": 16,
      "date_of_insertion_unix": 1626856680
    },
    {
      "date_start_unix": 1626048000,
      "date_end_unix": 1626566400,
      "vrcode": "VR20",
      "average": 504.73,
      "total_installation_count": 26,
      "date_of_insertion_unix": 1626856680
    },
    {
      "date_start_unix": 1626048000,
      "date_end_unix": 1626566400,
      "vrcode": "VR21",
      "average": 303.91,
      "total_installation_count": 11,
      "date_of_insertion_unix": 1626856680
    },
    {
      "date_start_unix": 1626048000,
      "date_end_unix": 1626566400,
      "vrcode": "VR22",
      "average": 269.23,
      "total_installation_count": 9,
      "date_of_insertion_unix": 1626856680
    },
    {
      "date_start_unix": 1626048000,
      "date_end_unix": 1626566400,
      "vrcode": "VR23",
      "average": 525.57,
      "total_installation_count": 8,
      "date_of_insertion_unix": 1626856680
    },
    {
      "date_start_unix": 1626048000,
      "date_end_unix": 1626566400,
      "vrcode": "VR24",
      "average": 165.16,
      "total_installation_count": 10,
      "date_of_insertion_unix": 1626856680
    },
    {
      "date_start_unix": 1626048000,
      "date_end_unix": 1626566400,
      "vrcode": "VR25",
      "average": 327.4,
      "total_installation_count": 5,
      "date_of_insertion_unix": 1626856680
    }
  ],
  "behavior": [
    {
      "date_start_unix": 1620691200,
      "date_end_unix": 1621209600,
      "number_of_participants": 181,
      "vrcode": "VR01",
      "wash_hands_compliance": 34,
      "wash_hands_compliance_trend": "equal",
      "keep_distance_compliance": 65,
      "keep_distance_compliance_trend": "equal",
      "work_from_home_compliance": 67,
      "work_from_home_compliance_trend": "equal",
      "avoid_crowds_compliance": 76,
      "avoid_crowds_compliance_trend": "equal",
      "wear_mask_public_indoors_compliance": 83,
      "wear_mask_public_indoors_compliance_trend": "equal",
      "sneeze_cough_elbow_compliance": 65,
      "sneeze_cough_elbow_compliance_trend": "equal",
      "max_visitors_compliance": 85,
      "max_visitors_compliance_trend": "up",
      "wash_hands_support": 84,
      "wash_hands_support_trend": "equal",
      "keep_distance_support": 91,
      "keep_distance_support_trend": "equal",
      "work_from_home_support": 82,
      "work_from_home_support_trend": "equal",
      "avoid_crowds_support": 92,
      "avoid_crowds_support_trend": "equal",
      "wear_mask_public_indoors_support": 85,
      "wear_mask_public_indoors_support_trend": "equal",
      "sneeze_cough_elbow_support": 89,
      "sneeze_cough_elbow_support_trend": "equal",
      "max_visitors_support": 56,
      "max_visitors_support_trend": "up",
      "curfew_compliance": null,
      "curfew_compliance_trend": null,
      "curfew_support": null,
      "curfew_support_trend": null,
      "date_of_insertion_unix": 1626857204
    },
    {
      "date_start_unix": 1620691200,
      "date_end_unix": 1621209600,
      "number_of_participants": 213,
      "vrcode": "VR02",
      "wash_hands_compliance": 32,
      "wash_hands_compliance_trend": "equal",
      "keep_distance_compliance": 66,
      "keep_distance_compliance_trend": "equal",
      "work_from_home_compliance": 73,
      "work_from_home_compliance_trend": "equal",
      "avoid_crowds_compliance": 72,
      "avoid_crowds_compliance_trend": "equal",
      "wear_mask_public_indoors_compliance": 77,
      "wear_mask_public_indoors_compliance_trend": "equal",
      "sneeze_cough_elbow_compliance": 61,
      "sneeze_cough_elbow_compliance_trend": "equal",
      "max_visitors_compliance": 84,
      "max_visitors_compliance_trend": "up",
      "wash_hands_support": 83,
      "wash_hands_support_trend": "equal",
      "keep_distance_support": 83,
      "keep_distance_support_trend": "equal",
      "work_from_home_support": 77,
      "work_from_home_support_trend": "equal",
      "avoid_crowds_support": 88,
      "avoid_crowds_support_trend": "equal",
      "wear_mask_public_indoors_support": 76,
      "wear_mask_public_indoors_support_trend": "equal",
      "sneeze_cough_elbow_support": 87,
      "sneeze_cough_elbow_support_trend": "equal",
      "max_visitors_support": 52,
      "max_visitors_support_trend": "up",
      "curfew_compliance": null,
      "curfew_compliance_trend": null,
      "curfew_support": null,
      "curfew_support_trend": null,
      "date_of_insertion_unix": 1626857204
    },
    {
      "date_start_unix": 1620691200,
      "date_end_unix": 1621209600,
      "number_of_participants": 208,
      "vrcode": "VR03",
      "wash_hands_compliance": 34,
      "wash_hands_compliance_trend": "equal",
      "keep_distance_compliance": 66,
      "keep_distance_compliance_trend": "equal",
      "work_from_home_compliance": 71,
      "work_from_home_compliance_trend": "equal",
      "avoid_crowds_compliance": 74,
      "avoid_crowds_compliance_trend": "equal",
      "wear_mask_public_indoors_compliance": 79,
      "wear_mask_public_indoors_compliance_trend": "equal",
      "sneeze_cough_elbow_compliance": 61,
      "sneeze_cough_elbow_compliance_trend": "equal",
      "max_visitors_compliance": 85,
      "max_visitors_compliance_trend": "up",
      "wash_hands_support": 82,
      "wash_hands_support_trend": "equal",
      "keep_distance_support": 86,
      "keep_distance_support_trend": "equal",
      "work_from_home_support": 78,
      "work_from_home_support_trend": "equal",
      "avoid_crowds_support": 91,
      "avoid_crowds_support_trend": "equal",
      "wear_mask_public_indoors_support": 80,
      "wear_mask_public_indoors_support_trend": "equal",
      "sneeze_cough_elbow_support": 87,
      "sneeze_cough_elbow_support_trend": "equal",
      "max_visitors_support": 51,
      "max_visitors_support_trend": "up",
      "curfew_compliance": null,
      "curfew_compliance_trend": null,
      "curfew_support": null,
      "curfew_support_trend": null,
      "date_of_insertion_unix": 1626857204
    },
    {
      "date_start_unix": 1620691200,
      "date_end_unix": 1621209600,
      "number_of_participants": 219,
      "vrcode": "VR04",
      "wash_hands_compliance": 33,
      "wash_hands_compliance_trend": "equal",
      "keep_distance_compliance": 64,
      "keep_distance_compliance_trend": "equal",
      "work_from_home_compliance": 68,
      "work_from_home_compliance_trend": "equal",
      "avoid_crowds_compliance": 77,
      "avoid_crowds_compliance_trend": "equal",
      "wear_mask_public_indoors_compliance": 81,
      "wear_mask_public_indoors_compliance_trend": "equal",
      "sneeze_cough_elbow_compliance": 67,
      "sneeze_cough_elbow_compliance_trend": "equal",
      "max_visitors_compliance": 84,
      "max_visitors_compliance_trend": "up",
      "wash_hands_support": 82,
      "wash_hands_support_trend": "equal",
      "keep_distance_support": 86,
      "keep_distance_support_trend": "equal",
      "work_from_home_support": 82,
      "work_from_home_support_trend": "equal",
      "avoid_crowds_support": 93,
      "avoid_crowds_support_trend": "equal",
      "wear_mask_public_indoors_support": 84,
      "wear_mask_public_indoors_support_trend": "equal",
      "sneeze_cough_elbow_support": 89,
      "sneeze_cough_elbow_support_trend": "equal",
      "max_visitors_support": 53,
      "max_visitors_support_trend": "up",
      "curfew_compliance": null,
      "curfew_compliance_trend": null,
      "curfew_support": null,
      "curfew_support_trend": null,
      "date_of_insertion_unix": 1626857204
    },
    {
      "date_start_unix": 1620691200,
      "date_end_unix": 1621209600,
      "number_of_participants": 206,
      "vrcode": "VR05",
      "wash_hands_compliance": 35,
      "wash_hands_compliance_trend": "equal",
      "keep_distance_compliance": 66,
      "keep_distance_compliance_trend": "equal",
      "work_from_home_compliance": 70,
      "work_from_home_compliance_trend": "equal",
      "avoid_crowds_compliance": 75,
      "avoid_crowds_compliance_trend": "down",
      "wear_mask_public_indoors_compliance": 83,
      "wear_mask_public_indoors_compliance_trend": "equal",
      "sneeze_cough_elbow_compliance": 63,
      "sneeze_cough_elbow_compliance_trend": "equal",
      "max_visitors_compliance": 83,
      "max_visitors_compliance_trend": "up",
      "wash_hands_support": 84,
      "wash_hands_support_trend": "equal",
      "keep_distance_support": 83,
      "keep_distance_support_trend": "equal",
      "work_from_home_support": 80,
      "work_from_home_support_trend": "equal",
      "avoid_crowds_support": 88,
      "avoid_crowds_support_trend": "equal",
      "wear_mask_public_indoors_support": 85,
      "wear_mask_public_indoors_support_trend": "equal",
      "sneeze_cough_elbow_support": 87,
      "sneeze_cough_elbow_support_trend": "equal",
      "max_visitors_support": 52,
      "max_visitors_support_trend": "up",
      "curfew_compliance": null,
      "curfew_compliance_trend": null,
      "curfew_support": null,
      "curfew_support_trend": null,
      "date_of_insertion_unix": 1626857204
    },
    {
      "date_start_unix": 1620691200,
      "date_end_unix": 1621209600,
      "number_of_participants": 214,
      "vrcode": "VR06",
      "wash_hands_compliance": 34,
      "wash_hands_compliance_trend": "equal",
      "keep_distance_compliance": 64,
      "keep_distance_compliance_trend": "down",
      "work_from_home_compliance": 60,
      "work_from_home_compliance_trend": "equal",
      "avoid_crowds_compliance": 70,
      "avoid_crowds_compliance_trend": "equal",
      "wear_mask_public_indoors_compliance": 81,
      "wear_mask_public_indoors_compliance_trend": "equal",
      "sneeze_cough_elbow_compliance": 63,
      "sneeze_cough_elbow_compliance_trend": "equal",
      "max_visitors_compliance": 83,
      "max_visitors_compliance_trend": "up",
      "wash_hands_support": 83,
      "wash_hands_support_trend": "equal",
      "keep_distance_support": 87,
      "keep_distance_support_trend": "down",
      "work_from_home_support": 82,
      "work_from_home_support_trend": "equal",
      "avoid_crowds_support": 90,
      "avoid_crowds_support_trend": "equal",
      "wear_mask_public_indoors_support": 83,
      "wear_mask_public_indoors_support_trend": "equal",
      "sneeze_cough_elbow_support": 90,
      "sneeze_cough_elbow_support_trend": "equal",
      "max_visitors_support": 50,
      "max_visitors_support_trend": "up",
      "curfew_compliance": null,
      "curfew_compliance_trend": null,
      "curfew_support": null,
      "curfew_support_trend": null,
      "date_of_insertion_unix": 1626857204
    },
    {
      "date_start_unix": 1620691200,
      "date_end_unix": 1621209600,
      "number_of_participants": 219,
      "vrcode": "VR07",
      "wash_hands_compliance": 31,
      "wash_hands_compliance_trend": "equal",
      "keep_distance_compliance": 64,
      "keep_distance_compliance_trend": "down",
      "work_from_home_compliance": 61,
      "work_from_home_compliance_trend": "equal",
      "avoid_crowds_compliance": 71,
      "avoid_crowds_compliance_trend": "equal",
      "wear_mask_public_indoors_compliance": 80,
      "wear_mask_public_indoors_compliance_trend": "equal",
      "sneeze_cough_elbow_compliance": 67,
      "sneeze_cough_elbow_compliance_trend": "equal",
      "max_visitors_compliance": 86,
      "max_visitors_compliance_trend": "up",
      "wash_hands_support": 82,
      "wash_hands_support_trend": "equal",
      "keep_distance_support": 87,
      "keep_distance_support_trend": "equal",
      "work_from_home_support": 82,
      "work_from_home_support_trend": "equal",
      "avoid_crowds_support": 89,
      "avoid_crowds_support_trend": "equal",
      "wear_mask_public_indoors_support": 79,
      "wear_mask_public_indoors_support_trend": "equal",
      "sneeze_cough_elbow_support": 87,
      "sneeze_cough_elbow_support_trend": "equal",
      "max_visitors_support": 52,
      "max_visitors_support_trend": "up",
      "curfew_compliance": null,
      "curfew_compliance_trend": null,
      "curfew_support": null,
      "curfew_support_trend": null,
      "date_of_insertion_unix": 1626857204
    },
    {
      "date_start_unix": 1620691200,
      "date_end_unix": 1621209600,
      "number_of_participants": 192,
      "vrcode": "VR08",
      "wash_hands_compliance": 33,
      "wash_hands_compliance_trend": "equal",
      "keep_distance_compliance": 64,
      "keep_distance_compliance_trend": "equal",
      "work_from_home_compliance": 66,
      "work_from_home_compliance_trend": "equal",
      "avoid_crowds_compliance": 71,
      "avoid_crowds_compliance_trend": "equal",
      "wear_mask_public_indoors_compliance": 83,
      "wear_mask_public_indoors_compliance_trend": "equal",
      "sneeze_cough_elbow_compliance": 69,
      "sneeze_cough_elbow_compliance_trend": "equal",
      "max_visitors_compliance": 84,
      "max_visitors_compliance_trend": "up",
      "wash_hands_support": 86,
      "wash_hands_support_trend": "equal",
      "keep_distance_support": 88,
      "keep_distance_support_trend": "equal",
      "work_from_home_support": 82,
      "work_from_home_support_trend": "equal",
      "avoid_crowds_support": 91,
      "avoid_crowds_support_trend": "equal",
      "wear_mask_public_indoors_support": 82,
      "wear_mask_public_indoors_support_trend": "equal",
      "sneeze_cough_elbow_support": 91,
      "sneeze_cough_elbow_support_trend": "equal",
      "max_visitors_support": 52,
      "max_visitors_support_trend": "up",
      "curfew_compliance": null,
      "curfew_compliance_trend": null,
      "curfew_support": null,
      "curfew_support_trend": null,
      "date_of_insertion_unix": 1626857204
    },
    {
      "date_start_unix": 1620691200,
      "date_end_unix": 1621209600,
      "number_of_participants": 228,
      "vrcode": "VR09",
      "wash_hands_compliance": 35,
      "wash_hands_compliance_trend": "equal",
      "keep_distance_compliance": 63,
      "keep_distance_compliance_trend": "equal",
      "work_from_home_compliance": 65,
      "work_from_home_compliance_trend": "equal",
      "avoid_crowds_compliance": 73,
      "avoid_crowds_compliance_trend": "equal",
      "wear_mask_public_indoors_compliance": 85,
      "wear_mask_public_indoors_compliance_trend": "equal",
      "sneeze_cough_elbow_compliance": 66,
      "sneeze_cough_elbow_compliance_trend": "equal",
      "max_visitors_compliance": 89,
      "max_visitors_compliance_trend": "up",
      "wash_hands_support": 86,
      "wash_hands_support_trend": "equal",
      "keep_distance_support": 88,
      "keep_distance_support_trend": "equal",
      "work_from_home_support": 85,
      "work_from_home_support_trend": "equal",
      "avoid_crowds_support": 92,
      "avoid_crowds_support_trend": "equal",
      "wear_mask_public_indoors_support": 81,
      "wear_mask_public_indoors_support_trend": "equal",
      "sneeze_cough_elbow_support": 88,
      "sneeze_cough_elbow_support_trend": "equal",
      "max_visitors_support": 59,
      "max_visitors_support_trend": "up",
      "curfew_compliance": null,
      "curfew_compliance_trend": null,
      "curfew_support": null,
      "curfew_support_trend": null,
      "date_of_insertion_unix": 1626857204
    },
    {
      "date_start_unix": 1620691200,
      "date_end_unix": 1621209600,
      "number_of_participants": 217,
      "vrcode": "VR10",
      "wash_hands_compliance": 36,
      "wash_hands_compliance_trend": "equal",
      "keep_distance_compliance": 62,
      "keep_distance_compliance_trend": "equal",
      "work_from_home_compliance": 69,
      "work_from_home_compliance_trend": "equal",
      "avoid_crowds_compliance": 74,
      "avoid_crowds_compliance_trend": "equal",
      "wear_mask_public_indoors_compliance": 83,
      "wear_mask_public_indoors_compliance_trend": "equal",
      "sneeze_cough_elbow_compliance": 66,
      "sneeze_cough_elbow_compliance_trend": "equal",
      "max_visitors_compliance": 86,
      "max_visitors_compliance_trend": "up",
      "wash_hands_support": 82,
      "wash_hands_support_trend": "equal",
      "keep_distance_support": 86,
      "keep_distance_support_trend": "equal",
      "work_from_home_support": 79,
      "work_from_home_support_trend": "equal",
      "avoid_crowds_support": 89,
      "avoid_crowds_support_trend": "equal",
      "wear_mask_public_indoors_support": 83,
      "wear_mask_public_indoors_support_trend": "equal",
      "sneeze_cough_elbow_support": 91,
      "sneeze_cough_elbow_support_trend": "equal",
      "max_visitors_support": 54,
      "max_visitors_support_trend": "up",
      "curfew_compliance": null,
      "curfew_compliance_trend": null,
      "curfew_support": null,
      "curfew_support_trend": null,
      "date_of_insertion_unix": 1626857204
    },
    {
      "date_start_unix": 1620691200,
      "date_end_unix": 1621209600,
      "number_of_participants": 204,
      "vrcode": "VR11",
      "wash_hands_compliance": 37,
      "wash_hands_compliance_trend": "equal",
      "keep_distance_compliance": 63,
      "keep_distance_compliance_trend": "equal",
      "work_from_home_compliance": 68,
      "work_from_home_compliance_trend": "equal",
      "avoid_crowds_compliance": 71,
      "avoid_crowds_compliance_trend": "equal",
      "wear_mask_public_indoors_compliance": 81,
      "wear_mask_public_indoors_compliance_trend": "equal",
      "sneeze_cough_elbow_compliance": 62,
      "sneeze_cough_elbow_compliance_trend": "equal",
      "max_visitors_compliance": 82,
      "max_visitors_compliance_trend": "up",
      "wash_hands_support": 81,
      "wash_hands_support_trend": "equal",
      "keep_distance_support": 84,
      "keep_distance_support_trend": "equal",
      "work_from_home_support": 84,
      "work_from_home_support_trend": "equal",
      "avoid_crowds_support": 89,
      "avoid_crowds_support_trend": "equal",
      "wear_mask_public_indoors_support": 82,
      "wear_mask_public_indoors_support_trend": "equal",
      "sneeze_cough_elbow_support": 89,
      "sneeze_cough_elbow_support_trend": "equal",
      "max_visitors_support": 47,
      "max_visitors_support_trend": "up",
      "curfew_compliance": null,
      "curfew_compliance_trend": null,
      "curfew_support": null,
      "curfew_support_trend": null,
      "date_of_insertion_unix": 1626857204
    },
    {
      "date_start_unix": 1620691200,
      "date_end_unix": 1621209600,
      "number_of_participants": 211,
      "vrcode": "VR12",
      "wash_hands_compliance": 36,
      "wash_hands_compliance_trend": "equal",
      "keep_distance_compliance": 63,
      "keep_distance_compliance_trend": "equal",
      "work_from_home_compliance": 62,
      "work_from_home_compliance_trend": "down",
      "avoid_crowds_compliance": 75,
      "avoid_crowds_compliance_trend": "equal",
      "wear_mask_public_indoors_compliance": 78,
      "wear_mask_public_indoors_compliance_trend": "equal",
      "sneeze_cough_elbow_compliance": 62,
      "sneeze_cough_elbow_compliance_trend": "equal",
      "max_visitors_compliance": 86,
      "max_visitors_compliance_trend": "up",
      "wash_hands_support": 80,
      "wash_hands_support_trend": "equal",
      "keep_distance_support": 85,
      "keep_distance_support_trend": "equal",
      "work_from_home_support": 76,
      "work_from_home_support_trend": "equal",
      "avoid_crowds_support": 91,
      "avoid_crowds_support_trend": "equal",
      "wear_mask_public_indoors_support": 76,
      "wear_mask_public_indoors_support_trend": "equal",
      "sneeze_cough_elbow_support": 86,
      "sneeze_cough_elbow_support_trend": "equal",
      "max_visitors_support": 50,
      "max_visitors_support_trend": "up",
      "curfew_compliance": null,
      "curfew_compliance_trend": null,
      "curfew_support": null,
      "curfew_support_trend": null,
      "date_of_insertion_unix": 1626857204
    },
    {
      "date_start_unix": 1620691200,
      "date_end_unix": 1621209600,
      "number_of_participants": 206,
      "vrcode": "VR13",
      "wash_hands_compliance": 40,
      "wash_hands_compliance_trend": "equal",
      "keep_distance_compliance": 59,
      "keep_distance_compliance_trend": "equal",
      "work_from_home_compliance": 58,
      "work_from_home_compliance_trend": "equal",
      "avoid_crowds_compliance": 70,
      "avoid_crowds_compliance_trend": "equal",
      "wear_mask_public_indoors_compliance": 76,
      "wear_mask_public_indoors_compliance_trend": "equal",
      "sneeze_cough_elbow_compliance": 65,
      "sneeze_cough_elbow_compliance_trend": "equal",
      "max_visitors_compliance": 87,
      "max_visitors_compliance_trend": "up",
      "wash_hands_support": 85,
      "wash_hands_support_trend": "equal",
      "keep_distance_support": 89,
      "keep_distance_support_trend": "equal",
      "work_from_home_support": 80,
      "work_from_home_support_trend": "equal",
      "avoid_crowds_support": 91,
      "avoid_crowds_support_trend": "equal",
      "wear_mask_public_indoors_support": 82,
      "wear_mask_public_indoors_support_trend": "equal",
      "sneeze_cough_elbow_support": 88,
      "sneeze_cough_elbow_support_trend": "equal",
      "max_visitors_support": 54,
      "max_visitors_support_trend": "up",
      "curfew_compliance": null,
      "curfew_compliance_trend": null,
      "curfew_support": null,
      "curfew_support_trend": null,
      "date_of_insertion_unix": 1626857204
    },
    {
      "date_start_unix": 1620691200,
      "date_end_unix": 1621209600,
      "number_of_participants": 128,
      "vrcode": "VR14",
      "wash_hands_compliance": 32,
      "wash_hands_compliance_trend": "equal",
      "keep_distance_compliance": 64,
      "keep_distance_compliance_trend": "equal",
      "work_from_home_compliance": 60,
      "work_from_home_compliance_trend": "equal",
      "avoid_crowds_compliance": 77,
      "avoid_crowds_compliance_trend": "equal",
      "wear_mask_public_indoors_compliance": 91,
      "wear_mask_public_indoors_compliance_trend": "up",
      "sneeze_cough_elbow_compliance": 69,
      "sneeze_cough_elbow_compliance_trend": "equal",
      "max_visitors_compliance": 88,
      "max_visitors_compliance_trend": "up",
      "wash_hands_support": 87,
      "wash_hands_support_trend": "equal",
      "keep_distance_support": 95,
      "keep_distance_support_trend": "up",
      "work_from_home_support": 88,
      "work_from_home_support_trend": "equal",
      "avoid_crowds_support": 96,
      "avoid_crowds_support_trend": "up",
      "wear_mask_public_indoors_support": 94,
      "wear_mask_public_indoors_support_trend": "up",
      "sneeze_cough_elbow_support": 95,
      "sneeze_cough_elbow_support_trend": "up",
      "max_visitors_support": 57,
      "max_visitors_support_trend": "equal",
      "curfew_compliance": null,
      "curfew_compliance_trend": null,
      "curfew_support": null,
      "curfew_support_trend": null,
      "date_of_insertion_unix": 1626857204
    },
    {
      "date_start_unix": 1620691200,
      "date_end_unix": 1621209600,
      "number_of_participants": 203,
      "vrcode": "VR15",
      "wash_hands_compliance": 34,
      "wash_hands_compliance_trend": "equal",
      "keep_distance_compliance": 62,
      "keep_distance_compliance_trend": "equal",
      "work_from_home_compliance": 70,
      "work_from_home_compliance_trend": "equal",
      "avoid_crowds_compliance": 74,
      "avoid_crowds_compliance_trend": "equal",
      "wear_mask_public_indoors_compliance": 81,
      "wear_mask_public_indoors_compliance_trend": "equal",
      "sneeze_cough_elbow_compliance": 63,
      "sneeze_cough_elbow_compliance_trend": "equal",
      "max_visitors_compliance": 89,
      "max_visitors_compliance_trend": "up",
      "wash_hands_support": 84,
      "wash_hands_support_trend": "equal",
      "keep_distance_support": 84,
      "keep_distance_support_trend": "equal",
      "work_from_home_support": 80,
      "work_from_home_support_trend": "equal",
      "avoid_crowds_support": 90,
      "avoid_crowds_support_trend": "equal",
      "wear_mask_public_indoors_support": 79,
      "wear_mask_public_indoors_support_trend": "equal",
      "sneeze_cough_elbow_support": 89,
      "sneeze_cough_elbow_support_trend": "equal",
      "max_visitors_support": 58,
      "max_visitors_support_trend": "up",
      "curfew_compliance": null,
      "curfew_compliance_trend": null,
      "curfew_support": null,
      "curfew_support_trend": null,
      "date_of_insertion_unix": 1626857204
    },
    {
      "date_start_unix": 1620691200,
      "date_end_unix": 1621209600,
      "number_of_participants": 212,
      "vrcode": "VR16",
      "wash_hands_compliance": 36,
      "wash_hands_compliance_trend": "equal",
      "keep_distance_compliance": 65,
      "keep_distance_compliance_trend": "equal",
      "work_from_home_compliance": 63,
      "work_from_home_compliance_trend": "equal",
      "avoid_crowds_compliance": 74,
      "avoid_crowds_compliance_trend": "equal",
      "wear_mask_public_indoors_compliance": 86,
      "wear_mask_public_indoors_compliance_trend": "equal",
      "sneeze_cough_elbow_compliance": 62,
      "sneeze_cough_elbow_compliance_trend": "equal",
      "max_visitors_compliance": 84,
      "max_visitors_compliance_trend": "up",
      "wash_hands_support": 85,
      "wash_hands_support_trend": "equal",
      "keep_distance_support": 88,
      "keep_distance_support_trend": "equal",
      "work_from_home_support": 87,
      "work_from_home_support_trend": "equal",
      "avoid_crowds_support": 94,
      "avoid_crowds_support_trend": "equal",
      "wear_mask_public_indoors_support": 80,
      "wear_mask_public_indoors_support_trend": "equal",
      "sneeze_cough_elbow_support": 90,
      "sneeze_cough_elbow_support_trend": "equal",
      "max_visitors_support": 54,
      "max_visitors_support_trend": "up",
      "curfew_compliance": null,
      "curfew_compliance_trend": null,
      "curfew_support": null,
      "curfew_support_trend": null,
      "date_of_insertion_unix": 1626857204
    },
    {
      "date_start_unix": 1620691200,
      "date_end_unix": 1621209600,
      "number_of_participants": 207,
      "vrcode": "VR17",
      "wash_hands_compliance": 35,
      "wash_hands_compliance_trend": "equal",
      "keep_distance_compliance": 61,
      "keep_distance_compliance_trend": "equal",
      "work_from_home_compliance": 70,
      "work_from_home_compliance_trend": "equal",
      "avoid_crowds_compliance": 73,
      "avoid_crowds_compliance_trend": "equal",
      "wear_mask_public_indoors_compliance": 84,
      "wear_mask_public_indoors_compliance_trend": "equal",
      "sneeze_cough_elbow_compliance": 63,
      "sneeze_cough_elbow_compliance_trend": "equal",
      "max_visitors_compliance": 89,
      "max_visitors_compliance_trend": "up",
      "wash_hands_support": 80,
      "wash_hands_support_trend": "equal",
      "keep_distance_support": 83,
      "keep_distance_support_trend": "equal",
      "work_from_home_support": 80,
      "work_from_home_support_trend": "equal",
      "avoid_crowds_support": 86,
      "avoid_crowds_support_trend": "equal",
      "wear_mask_public_indoors_support": 82,
      "wear_mask_public_indoors_support_trend": "equal",
      "sneeze_cough_elbow_support": 86,
      "sneeze_cough_elbow_support_trend": "equal",
      "max_visitors_support": 43,
      "max_visitors_support_trend": "equal",
      "curfew_compliance": null,
      "curfew_compliance_trend": null,
      "curfew_support": null,
      "curfew_support_trend": null,
      "date_of_insertion_unix": 1626857204
    },
    {
      "date_start_unix": 1620691200,
      "date_end_unix": 1621209600,
      "number_of_participants": 213,
      "vrcode": "VR18",
      "wash_hands_compliance": 41,
      "wash_hands_compliance_trend": "equal",
      "keep_distance_compliance": 63,
      "keep_distance_compliance_trend": "equal",
      "work_from_home_compliance": 79,
      "work_from_home_compliance_trend": "up",
      "avoid_crowds_compliance": 70,
      "avoid_crowds_compliance_trend": "equal",
      "wear_mask_public_indoors_compliance": 85,
      "wear_mask_public_indoors_compliance_trend": "equal",
      "sneeze_cough_elbow_compliance": 69,
      "sneeze_cough_elbow_compliance_trend": "equal",
      "max_visitors_compliance": 86,
      "max_visitors_compliance_trend": "up",
      "wash_hands_support": 87,
      "wash_hands_support_trend": "equal",
      "keep_distance_support": 90,
      "keep_distance_support_trend": "equal",
      "work_from_home_support": 79,
      "work_from_home_support_trend": "equal",
      "avoid_crowds_support": 90,
      "avoid_crowds_support_trend": "equal",
      "wear_mask_public_indoors_support": 86,
      "wear_mask_public_indoors_support_trend": "equal",
      "sneeze_cough_elbow_support": 94,
      "sneeze_cough_elbow_support_trend": "equal",
      "max_visitors_support": 58,
      "max_visitors_support_trend": "up",
      "curfew_compliance": null,
      "curfew_compliance_trend": null,
      "curfew_support": null,
      "curfew_support_trend": null,
      "date_of_insertion_unix": 1626857204
    },
    {
      "date_start_unix": 1620691200,
      "date_end_unix": 1621209600,
      "number_of_participants": 204,
      "vrcode": "VR19",
      "wash_hands_compliance": 38,
      "wash_hands_compliance_trend": "equal",
      "keep_distance_compliance": 65,
      "keep_distance_compliance_trend": "equal",
      "work_from_home_compliance": 69,
      "work_from_home_compliance_trend": "equal",
      "avoid_crowds_compliance": 75,
      "avoid_crowds_compliance_trend": "equal",
      "wear_mask_public_indoors_compliance": 79,
      "wear_mask_public_indoors_compliance_trend": "equal",
      "sneeze_cough_elbow_compliance": 61,
      "sneeze_cough_elbow_compliance_trend": "equal",
      "max_visitors_compliance": 85,
      "max_visitors_compliance_trend": "up",
      "wash_hands_support": 84,
      "wash_hands_support_trend": "equal",
      "keep_distance_support": 91,
      "keep_distance_support_trend": "equal",
      "work_from_home_support": 84,
      "work_from_home_support_trend": "equal",
      "avoid_crowds_support": 95,
      "avoid_crowds_support_trend": "up",
      "wear_mask_public_indoors_support": 80,
      "wear_mask_public_indoors_support_trend": "up",
      "sneeze_cough_elbow_support": 85,
      "sneeze_cough_elbow_support_trend": "equal",
      "max_visitors_support": 49,
      "max_visitors_support_trend": "up",
      "curfew_compliance": null,
      "curfew_compliance_trend": null,
      "curfew_support": null,
      "curfew_support_trend": null,
      "date_of_insertion_unix": 1626857204
    },
    {
      "date_start_unix": 1620691200,
      "date_end_unix": 1621209600,
      "number_of_participants": 219,
      "vrcode": "VR20",
      "wash_hands_compliance": 34,
      "wash_hands_compliance_trend": "equal",
      "keep_distance_compliance": 64,
      "keep_distance_compliance_trend": "equal",
      "work_from_home_compliance": 62,
      "work_from_home_compliance_trend": "equal",
      "avoid_crowds_compliance": 70,
      "avoid_crowds_compliance_trend": "equal",
      "wear_mask_public_indoors_compliance": 83,
      "wear_mask_public_indoors_compliance_trend": "equal",
      "sneeze_cough_elbow_compliance": 64,
      "sneeze_cough_elbow_compliance_trend": "equal",
      "max_visitors_compliance": 83,
      "max_visitors_compliance_trend": "up",
      "wash_hands_support": 78,
      "wash_hands_support_trend": "equal",
      "keep_distance_support": 87,
      "keep_distance_support_trend": "equal",
      "work_from_home_support": 78,
      "work_from_home_support_trend": "equal",
      "avoid_crowds_support": 89,
      "avoid_crowds_support_trend": "equal",
      "wear_mask_public_indoors_support": 84,
      "wear_mask_public_indoors_support_trend": "equal",
      "sneeze_cough_elbow_support": 88,
      "sneeze_cough_elbow_support_trend": "equal",
      "max_visitors_support": 49,
      "max_visitors_support_trend": "up",
      "curfew_compliance": null,
      "curfew_compliance_trend": null,
      "curfew_support": null,
      "curfew_support_trend": null,
      "date_of_insertion_unix": 1626857204
    },
    {
      "date_start_unix": 1620691200,
      "date_end_unix": 1621209600,
      "number_of_participants": 207,
      "vrcode": "VR21",
      "wash_hands_compliance": 32,
      "wash_hands_compliance_trend": "equal",
      "keep_distance_compliance": 67,
      "keep_distance_compliance_trend": "up",
      "work_from_home_compliance": 72,
      "work_from_home_compliance_trend": "equal",
      "avoid_crowds_compliance": 75,
      "avoid_crowds_compliance_trend": "equal",
      "wear_mask_public_indoors_compliance": 85,
      "wear_mask_public_indoors_compliance_trend": "equal",
      "sneeze_cough_elbow_compliance": 63,
      "sneeze_cough_elbow_compliance_trend": "equal",
      "max_visitors_compliance": 86,
      "max_visitors_compliance_trend": "up",
      "wash_hands_support": 85,
      "wash_hands_support_trend": "equal",
      "keep_distance_support": 87,
      "keep_distance_support_trend": "equal",
      "work_from_home_support": 82,
      "work_from_home_support_trend": "equal",
      "avoid_crowds_support": 91,
      "avoid_crowds_support_trend": "equal",
      "wear_mask_public_indoors_support": 83,
      "wear_mask_public_indoors_support_trend": "equal",
      "sneeze_cough_elbow_support": 87,
      "sneeze_cough_elbow_support_trend": "equal",
      "max_visitors_support": 51,
      "max_visitors_support_trend": "up",
      "curfew_compliance": null,
      "curfew_compliance_trend": null,
      "curfew_support": null,
      "curfew_support_trend": null,
      "date_of_insertion_unix": 1626857204
    },
    {
      "date_start_unix": 1620691200,
      "date_end_unix": 1621209600,
      "number_of_participants": 198,
      "vrcode": "VR22",
      "wash_hands_compliance": 34,
      "wash_hands_compliance_trend": "equal",
      "keep_distance_compliance": 65,
      "keep_distance_compliance_trend": "equal",
      "work_from_home_compliance": 56,
      "work_from_home_compliance_trend": "down",
      "avoid_crowds_compliance": 76,
      "avoid_crowds_compliance_trend": "equal",
      "wear_mask_public_indoors_compliance": 90,
      "wear_mask_public_indoors_compliance_trend": "up",
      "sneeze_cough_elbow_compliance": 66,
      "sneeze_cough_elbow_compliance_trend": "equal",
      "max_visitors_compliance": 85,
      "max_visitors_compliance_trend": "up",
      "wash_hands_support": 82,
      "wash_hands_support_trend": "equal",
      "keep_distance_support": 91,
      "keep_distance_support_trend": "equal",
      "work_from_home_support": 83,
      "work_from_home_support_trend": "equal",
      "avoid_crowds_support": 90,
      "avoid_crowds_support_trend": "equal",
      "wear_mask_public_indoors_support": 87,
      "wear_mask_public_indoors_support_trend": "equal",
      "sneeze_cough_elbow_support": 90,
      "sneeze_cough_elbow_support_trend": "equal",
      "max_visitors_support": 50,
      "max_visitors_support_trend": "up",
      "curfew_compliance": null,
      "curfew_compliance_trend": null,
      "curfew_support": null,
      "curfew_support_trend": null,
      "date_of_insertion_unix": 1626857204
    },
    {
      "date_start_unix": 1620691200,
      "date_end_unix": 1621209600,
      "number_of_participants": 208,
      "vrcode": "VR23",
      "wash_hands_compliance": 35,
      "wash_hands_compliance_trend": "equal",
      "keep_distance_compliance": 66,
      "keep_distance_compliance_trend": "equal",
      "work_from_home_compliance": 55,
      "work_from_home_compliance_trend": "down",
      "avoid_crowds_compliance": 72,
      "avoid_crowds_compliance_trend": "equal",
      "wear_mask_public_indoors_compliance": 82,
      "wear_mask_public_indoors_compliance_trend": "equal",
      "sneeze_cough_elbow_compliance": 62,
      "sneeze_cough_elbow_compliance_trend": "equal",
      "max_visitors_compliance": 84,
      "max_visitors_compliance_trend": "up",
      "wash_hands_support": 80,
      "wash_hands_support_trend": "equal",
      "keep_distance_support": 84,
      "keep_distance_support_trend": "equal",
      "work_from_home_support": 76,
      "work_from_home_support_trend": "equal",
      "avoid_crowds_support": 88,
      "avoid_crowds_support_trend": "equal",
      "wear_mask_public_indoors_support": 80,
      "wear_mask_public_indoors_support_trend": "equal",
      "sneeze_cough_elbow_support": 84,
      "sneeze_cough_elbow_support_trend": "equal",
      "max_visitors_support": 45,
      "max_visitors_support_trend": "up",
      "curfew_compliance": null,
      "curfew_compliance_trend": null,
      "curfew_support": null,
      "curfew_support_trend": null,
      "date_of_insertion_unix": 1626857204
    },
    {
      "date_start_unix": 1620691200,
      "date_end_unix": 1621209600,
      "number_of_participants": 229,
      "vrcode": "VR24",
      "wash_hands_compliance": 35,
      "wash_hands_compliance_trend": "equal",
      "keep_distance_compliance": 63,
      "keep_distance_compliance_trend": "equal",
      "work_from_home_compliance": 71,
      "work_from_home_compliance_trend": "equal",
      "avoid_crowds_compliance": 70,
      "avoid_crowds_compliance_trend": "equal",
      "wear_mask_public_indoors_compliance": 80,
      "wear_mask_public_indoors_compliance_trend": "equal",
      "sneeze_cough_elbow_compliance": 62,
      "sneeze_cough_elbow_compliance_trend": "equal",
      "max_visitors_compliance": 87,
      "max_visitors_compliance_trend": "up",
      "wash_hands_support": 78,
      "wash_hands_support_trend": "equal",
      "keep_distance_support": 82,
      "keep_distance_support_trend": "equal",
      "work_from_home_support": 77,
      "work_from_home_support_trend": "equal",
      "avoid_crowds_support": 89,
      "avoid_crowds_support_trend": "equal",
      "wear_mask_public_indoors_support": 78,
      "wear_mask_public_indoors_support_trend": "equal",
      "sneeze_cough_elbow_support": 89,
      "sneeze_cough_elbow_support_trend": "equal",
      "max_visitors_support": 47,
      "max_visitors_support_trend": "up",
      "curfew_compliance": null,
      "curfew_compliance_trend": null,
      "curfew_support": null,
      "curfew_support_trend": null,
      "date_of_insertion_unix": 1626857204
    },
    {
      "date_start_unix": 1620691200,
      "date_end_unix": 1621209600,
      "number_of_participants": 208,
      "vrcode": "VR25",
      "wash_hands_compliance": 41,
      "wash_hands_compliance_trend": "up",
      "keep_distance_compliance": 63,
      "keep_distance_compliance_trend": "equal",
      "work_from_home_compliance": 77,
      "work_from_home_compliance_trend": "equal",
      "avoid_crowds_compliance": 72,
      "avoid_crowds_compliance_trend": "equal",
      "wear_mask_public_indoors_compliance": 79,
      "wear_mask_public_indoors_compliance_trend": "equal",
      "sneeze_cough_elbow_compliance": 65,
      "sneeze_cough_elbow_compliance_trend": "equal",
      "max_visitors_compliance": 90,
      "max_visitors_compliance_trend": "up",
      "wash_hands_support": 80,
      "wash_hands_support_trend": "equal",
      "keep_distance_support": 84,
      "keep_distance_support_trend": "equal",
      "work_from_home_support": 78,
      "work_from_home_support_trend": "equal",
      "avoid_crowds_support": 89,
      "avoid_crowds_support_trend": "equal",
      "wear_mask_public_indoors_support": 81,
      "wear_mask_public_indoors_support_trend": "equal",
      "sneeze_cough_elbow_support": 88,
      "sneeze_cough_elbow_support_trend": "equal",
      "max_visitors_support": 58,
      "max_visitors_support_trend": "up",
      "curfew_compliance": null,
      "curfew_compliance_trend": null,
      "curfew_support": null,
      "curfew_support_trend": null,
      "date_of_insertion_unix": 1626857204
    }
  ],
  "disability_care": [
    {
      "newly_infected_people": 0,
      "newly_infected_locations": 0,
      "infected_locations_total": 0,
      "infected_locations_percentage": 0.0,
      "deceased_daily": 0,
      "date_unix": 1626652800,
      "date_of_insertion_unix": 1626856427,
      "vrcode": "VR01"
    },
    {
      "newly_infected_people": 0,
      "newly_infected_locations": 0,
      "infected_locations_total": 1,
      "infected_locations_percentage": 1.25,
      "deceased_daily": 0,
      "date_unix": 1626652800,
      "date_of_insertion_unix": 1626856427,
      "vrcode": "VR02"
    },
    {
      "newly_infected_people": 0,
      "newly_infected_locations": 0,
      "infected_locations_total": 0,
      "infected_locations_percentage": 0.0,
      "deceased_daily": 0,
      "date_unix": 1626652800,
      "date_of_insertion_unix": 1626856427,
      "vrcode": "VR03"
    },
    {
      "newly_infected_people": 0,
      "newly_infected_locations": 0,
      "infected_locations_total": 1,
      "infected_locations_percentage": 0.85,
      "deceased_daily": 0,
      "date_unix": 1626652800,
      "date_of_insertion_unix": 1626856427,
      "vrcode": "VR04"
    },
    {
      "newly_infected_people": 0,
      "newly_infected_locations": 0,
      "infected_locations_total": 1,
      "infected_locations_percentage": 0.78,
      "deceased_daily": 0,
      "date_unix": 1626652800,
      "date_of_insertion_unix": 1626856427,
      "vrcode": "VR05"
    },
    {
      "newly_infected_people": 0,
      "newly_infected_locations": 0,
      "infected_locations_total": 1,
      "infected_locations_percentage": 0.41,
      "deceased_daily": 0,
      "date_unix": 1626652800,
      "date_of_insertion_unix": 1626856427,
      "vrcode": "VR06"
    },
    {
      "newly_infected_people": 0,
      "newly_infected_locations": 0,
      "infected_locations_total": 1,
      "infected_locations_percentage": 0.6,
      "deceased_daily": 0,
      "date_unix": 1626652800,
      "date_of_insertion_unix": 1626856427,
      "vrcode": "VR07"
    },
    {
      "newly_infected_people": 0,
      "newly_infected_locations": 0,
      "infected_locations_total": 0,
      "infected_locations_percentage": 0.0,
      "deceased_daily": 0,
      "date_unix": 1626652800,
      "date_of_insertion_unix": 1626856427,
      "vrcode": "VR08"
    },
    {
      "newly_infected_people": 0,
      "newly_infected_locations": 0,
      "infected_locations_total": 0,
      "infected_locations_percentage": 0.0,
      "deceased_daily": 0,
      "date_unix": 1626652800,
      "date_of_insertion_unix": 1626856427,
      "vrcode": "VR09"
    },
    {
      "newly_infected_people": 0,
      "newly_infected_locations": 0,
      "infected_locations_total": 0,
      "infected_locations_percentage": 0.0,
      "deceased_daily": 0,
      "date_unix": 1626652800,
      "date_of_insertion_unix": 1626856427,
      "vrcode": "VR10"
    },
    {
      "newly_infected_people": 0,
      "newly_infected_locations": 0,
      "infected_locations_total": 1,
      "infected_locations_percentage": 2.13,
      "deceased_daily": 0,
      "date_unix": 1626652800,
      "date_of_insertion_unix": 1626856427,
      "vrcode": "VR11"
    },
    {
      "newly_infected_people": 1,
      "newly_infected_locations": 1,
      "infected_locations_total": 1,
      "infected_locations_percentage": 1.43,
      "deceased_daily": 0,
      "date_unix": 1626652800,
      "date_of_insertion_unix": 1626856427,
      "vrcode": "VR12"
    },
    {
      "newly_infected_people": 0,
      "newly_infected_locations": 0,
      "infected_locations_total": 1,
      "infected_locations_percentage": 0.81,
      "deceased_daily": 0,
      "date_unix": 1626652800,
      "date_of_insertion_unix": 1626856427,
      "vrcode": "VR13"
    },
    {
      "newly_infected_people": 0,
      "newly_infected_locations": 0,
      "infected_locations_total": 0,
      "infected_locations_percentage": 0.0,
      "deceased_daily": 0,
      "date_unix": 1626652800,
      "date_of_insertion_unix": 1626856427,
      "vrcode": "VR14"
    },
    {
      "newly_infected_people": 0,
      "newly_infected_locations": 0,
      "infected_locations_total": 1,
      "infected_locations_percentage": 0.8,
      "deceased_daily": 0,
      "date_unix": 1626652800,
      "date_of_insertion_unix": 1626856427,
      "vrcode": "VR15"
    },
    {
      "newly_infected_people": 0,
      "newly_infected_locations": 0,
      "infected_locations_total": 0,
      "infected_locations_percentage": 0.0,
      "deceased_daily": 0,
      "date_unix": 1626652800,
      "date_of_insertion_unix": 1626856427,
      "vrcode": "VR16"
    },
    {
      "newly_infected_people": 0,
      "newly_infected_locations": 0,
      "infected_locations_total": 1,
      "infected_locations_percentage": 0.39,
      "deceased_daily": 0,
      "date_unix": 1626652800,
      "date_of_insertion_unix": 1626856427,
      "vrcode": "VR17"
    },
    {
      "newly_infected_people": 0,
      "newly_infected_locations": 0,
      "infected_locations_total": 0,
      "infected_locations_percentage": 0.0,
      "deceased_daily": 0,
      "date_unix": 1626652800,
      "date_of_insertion_unix": 1626856427,
      "vrcode": "VR18"
    },
    {
      "newly_infected_people": 0,
      "newly_infected_locations": 0,
      "infected_locations_total": 0,
      "infected_locations_percentage": 0.0,
      "deceased_daily": 0,
      "date_unix": 1626652800,
      "date_of_insertion_unix": 1626856427,
      "vrcode": "VR19"
    },
    {
      "newly_infected_people": 0,
      "newly_infected_locations": 0,
      "infected_locations_total": 0,
      "infected_locations_percentage": 0.0,
      "deceased_daily": 0,
      "date_unix": 1626652800,
      "date_of_insertion_unix": 1626856427,
      "vrcode": "VR20"
    },
    {
      "newly_infected_people": 0,
      "newly_infected_locations": 0,
      "infected_locations_total": 0,
      "infected_locations_percentage": 0.0,
      "deceased_daily": 0,
      "date_unix": 1626652800,
      "date_of_insertion_unix": 1626856427,
      "vrcode": "VR21"
    },
    {
      "newly_infected_people": 0,
      "newly_infected_locations": 0,
      "infected_locations_total": 0,
      "infected_locations_percentage": 0.0,
      "deceased_daily": 0,
      "date_unix": 1626652800,
      "date_of_insertion_unix": 1626856427,
      "vrcode": "VR22"
    },
    {
      "newly_infected_people": 0,
      "newly_infected_locations": 0,
      "infected_locations_total": 0,
      "infected_locations_percentage": 0.0,
      "deceased_daily": 0,
      "date_unix": 1626652800,
      "date_of_insertion_unix": 1626856427,
      "vrcode": "VR23"
    },
    {
      "newly_infected_people": 0,
      "newly_infected_locations": 0,
      "infected_locations_total": 1,
      "infected_locations_percentage": 1.54,
      "deceased_daily": 0,
      "date_unix": 1626652800,
      "date_of_insertion_unix": 1626856427,
      "vrcode": "VR24"
    },
    {
      "newly_infected_people": 0,
      "newly_infected_locations": 0,
      "infected_locations_total": 0,
      "infected_locations_percentage": 0.0,
      "deceased_daily": 0,
      "date_unix": 1626652800,
      "date_of_insertion_unix": 1626856427,
      "vrcode": "VR25"
    }
  ],
  "elderly_at_home": [
    {
      "positive_tested_daily": 5,
      "positive_tested_daily_per_100k": 6.42,
      "deceased_daily": 0,
      "date_unix": 1626652800,
      "date_of_insertion_unix": 1626856448,
      "vrcode": "VR01"
    },
    {
      "positive_tested_daily": 1,
      "positive_tested_daily_per_100k": 1.05,
      "deceased_daily": 0,
      "date_unix": 1626652800,
      "date_of_insertion_unix": 1626856448,
      "vrcode": "VR02"
    },
    {
      "positive_tested_daily": 2,
      "positive_tested_daily_per_100k": 2.57,
      "deceased_daily": 0,
      "date_unix": 1626652800,
      "date_of_insertion_unix": 1626856448,
      "vrcode": "VR03"
    },
    {
      "positive_tested_daily": 3,
      "positive_tested_daily_per_100k": 4.58,
      "deceased_daily": 0,
      "date_unix": 1626652800,
      "date_of_insertion_unix": 1626856448,
      "vrcode": "VR04"
    },
    {
      "positive_tested_daily": 3,
      "positive_tested_daily_per_100k": 3.45,
      "deceased_daily": 0,
      "date_unix": 1626652800,
      "date_of_insertion_unix": 1626856448,
      "vrcode": "VR05"
    },
    {
      "positive_tested_daily": 8,
      "positive_tested_daily_per_100k": 6.38,
      "deceased_daily": 0,
      "date_unix": 1626652800,
      "date_of_insertion_unix": 1626856448,
      "vrcode": "VR06"
    },
    {
      "positive_tested_daily": 1,
      "positive_tested_daily_per_100k": 1.12,
      "deceased_daily": 0,
      "date_unix": 1626652800,
      "date_of_insertion_unix": 1626856448,
      "vrcode": "VR07"
    },
    {
      "positive_tested_daily": 6,
      "positive_tested_daily_per_100k": 8.7,
      "deceased_daily": 0,
      "date_unix": 1626652800,
      "date_of_insertion_unix": 1626856448,
      "vrcode": "VR08"
    },
    {
      "positive_tested_daily": 4,
      "positive_tested_daily_per_100k": 2.59,
      "deceased_daily": 0,
      "date_unix": 1626652800,
      "date_of_insertion_unix": 1626856448,
      "vrcode": "VR09"
    },
    {
      "positive_tested_daily": 1,
      "positive_tested_daily_per_100k": 1.03,
      "deceased_daily": 0,
      "date_unix": 1626652800,
      "date_of_insertion_unix": 1626856448,
      "vrcode": "VR10"
    },
    {
      "positive_tested_daily": 1,
      "positive_tested_daily_per_100k": 2.17,
      "deceased_daily": 0,
      "date_unix": 1626652800,
      "date_of_insertion_unix": 1626856448,
      "vrcode": "VR11"
    },
    {
      "positive_tested_daily": 10,
      "positive_tested_daily_per_100k": 13.97,
      "deceased_daily": 0,
      "date_unix": 1626652800,
      "date_of_insertion_unix": 1626856448,
      "vrcode": "VR12"
    },
    {
      "positive_tested_daily": 9,
      "positive_tested_daily_per_100k": 9.31,
      "deceased_daily": 0,
      "date_unix": 1626652800,
      "date_of_insertion_unix": 1626856448,
      "vrcode": "VR13"
    },
    {
      "positive_tested_daily": 2,
      "positive_tested_daily_per_100k": 5.26,
      "deceased_daily": 0,
      "date_unix": 1626652800,
      "date_of_insertion_unix": 1626856448,
      "vrcode": "VR14"
    },
    {
      "positive_tested_daily": 10,
      "positive_tested_daily_per_100k": 7.91,
      "deceased_daily": 0,
      "date_unix": 1626652800,
      "date_of_insertion_unix": 1626856448,
      "vrcode": "VR15"
    },
    {
      "positive_tested_daily": 3,
      "positive_tested_daily_per_100k": 2.83,
      "deceased_daily": 0,
      "date_unix": 1626652800,
      "date_of_insertion_unix": 1626856448,
      "vrcode": "VR16"
    },
    {
      "positive_tested_daily": 13,
      "positive_tested_daily_per_100k": 8.18,
      "deceased_daily": 0,
      "date_unix": 1626652800,
      "date_of_insertion_unix": 1626856448,
      "vrcode": "VR17"
    },
    {
      "positive_tested_daily": 0,
      "positive_tested_daily_per_100k": 0.0,
      "deceased_daily": 0,
      "date_unix": 1626652800,
      "date_of_insertion_unix": 1626856448,
      "vrcode": "VR18"
    },
    {
      "positive_tested_daily": 1,
      "positive_tested_daily_per_100k": 1.59,
      "deceased_daily": 0,
      "date_unix": 1626652800,
      "date_of_insertion_unix": 1626856448,
      "vrcode": "VR19"
    },
    {
      "positive_tested_daily": 10,
      "positive_tested_daily_per_100k": 6.55,
      "deceased_daily": 0,
      "date_unix": 1626652800,
      "date_of_insertion_unix": 1626856448,
      "vrcode": "VR20"
    },
    {
      "positive_tested_daily": 5,
      "positive_tested_daily_per_100k": 5.56,
      "deceased_daily": 0,
      "date_unix": 1626652800,
      "date_of_insertion_unix": 1626856448,
      "vrcode": "VR21"
    },
    {
      "positive_tested_daily": 0,
      "positive_tested_daily_per_100k": 0.0,
      "deceased_daily": 0,
      "date_unix": 1626652800,
      "date_of_insertion_unix": 1626856448,
      "vrcode": "VR22"
    },
    {
      "positive_tested_daily": 0,
      "positive_tested_daily_per_100k": 0.0,
      "deceased_daily": 0,
      "date_unix": 1626652800,
      "date_of_insertion_unix": 1626856448,
      "vrcode": "VR23"
    },
    {
      "positive_tested_daily": 1,
      "positive_tested_daily_per_100k": 1.02,
      "deceased_daily": 0,
      "date_unix": 1626652800,
      "date_of_insertion_unix": 1626856448,
      "vrcode": "VR24"
    },
    {
      "positive_tested_daily": 2,
      "positive_tested_daily_per_100k": 5.4,
      "deceased_daily": 0,
      "date_unix": 1626652800,
      "date_of_insertion_unix": 1626856448,
      "vrcode": "VR25"
    }
  ],
  "situations": [
    {
      "date_start_unix": 1625443200,
      "date_end_unix": 1625961600,
      "date_of_insertion_unix": 1626857334,
      "vrcode": "VR01",
      "has_sufficient_data": false,
      "home_and_visits": null,
      "work": null,
      "school_and_day_care": null,
      "health_care": null,
      "gathering": null,
      "travel": null,
      "hospitality": null,
      "other": null
    },
    {
      "date_start_unix": 1625443200,
      "date_end_unix": 1625961600,
      "date_of_insertion_unix": 1626857334,
      "vrcode": "VR02",
      "has_sufficient_data": false,
      "home_and_visits": null,
      "work": null,
      "school_and_day_care": null,
      "health_care": null,
      "gathering": null,
      "travel": null,
      "hospitality": null,
      "other": null
    },
    {
      "date_start_unix": 1625443200,
      "date_end_unix": 1625961600,
      "date_of_insertion_unix": 1626857334,
      "vrcode": "VR03",
      "has_sufficient_data": true,
      "home_and_visits": 36.0,
      "work": 6.6,
      "school_and_day_care": 1.9,
      "health_care": 2.4,
      "gathering": 31.8,
      "travel": 2.4,
      "hospitality": 35.1,
      "other": 3.3
    },
    {
      "date_start_unix": 1625443200,
      "date_end_unix": 1625961600,
      "date_of_insertion_unix": 1626857334,
      "vrcode": "VR04",
      "has_sufficient_data": false,
      "home_and_visits": null,
      "work": null,
      "school_and_day_care": null,
      "health_care": null,
      "gathering": null,
      "travel": null,
      "hospitality": null,
      "other": null
    },
    {
      "date_start_unix": 1625443200,
      "date_end_unix": 1625961600,
      "date_of_insertion_unix": 1626857334,
      "vrcode": "VR05",
      "has_sufficient_data": false,
      "home_and_visits": null,
      "work": null,
      "school_and_day_care": null,
      "health_care": null,
      "gathering": null,
      "travel": null,
      "hospitality": null,
      "other": null
    },
    {
      "date_start_unix": 1625443200,
      "date_end_unix": 1625961600,
      "date_of_insertion_unix": 1626857334,
      "vrcode": "VR06",
      "has_sufficient_data": false,
      "home_and_visits": null,
      "work": null,
      "school_and_day_care": null,
      "health_care": null,
      "gathering": null,
      "travel": null,
      "hospitality": null,
      "other": null
    },
    {
      "date_start_unix": 1625443200,
      "date_end_unix": 1625961600,
      "date_of_insertion_unix": 1626857334,
      "vrcode": "VR07",
      "has_sufficient_data": false,
      "home_and_visits": null,
      "work": null,
      "school_and_day_care": null,
      "health_care": null,
      "gathering": null,
      "travel": null,
      "hospitality": null,
      "other": null
    },
    {
      "date_start_unix": 1625443200,
      "date_end_unix": 1625961600,
      "date_of_insertion_unix": 1626857334,
      "vrcode": "VR08",
      "has_sufficient_data": false,
      "home_and_visits": null,
      "work": null,
      "school_and_day_care": null,
      "health_care": null,
      "gathering": null,
      "travel": null,
      "hospitality": null,
      "other": null
    },
    {
      "date_start_unix": 1625443200,
      "date_end_unix": 1625961600,
      "date_of_insertion_unix": 1626857334,
      "vrcode": "VR09",
      "has_sufficient_data": true,
      "home_and_visits": 28.1,
      "work": 3.9,
      "school_and_day_care": 2.4,
      "health_care": 0.7,
      "gathering": 20.2,
      "travel": 5.3,
      "hospitality": 55.2,
      "other": 1.5
    },
    {
      "date_start_unix": 1625443200,
      "date_end_unix": 1625961600,
      "date_of_insertion_unix": 1626857334,
      "vrcode": "VR10",
      "has_sufficient_data": false,
      "home_and_visits": null,
      "work": null,
      "school_and_day_care": null,
      "health_care": null,
      "gathering": null,
      "travel": null,
      "hospitality": null,
      "other": null
    },
    {
      "date_start_unix": 1625443200,
      "date_end_unix": 1625961600,
      "date_of_insertion_unix": 1626857334,
      "vrcode": "VR11",
      "has_sufficient_data": false,
      "home_and_visits": null,
      "work": null,
      "school_and_day_care": null,
      "health_care": null,
      "gathering": null,
      "travel": null,
      "hospitality": null,
      "other": null
    },
    {
      "date_start_unix": 1625443200,
      "date_end_unix": 1625961600,
      "date_of_insertion_unix": 1626857334,
      "vrcode": "VR12",
      "has_sufficient_data": false,
      "home_and_visits": null,
      "work": null,
      "school_and_day_care": null,
      "health_care": null,
      "gathering": null,
      "travel": null,
      "hospitality": null,
      "other": null
    },
    {
      "date_start_unix": 1625443200,
      "date_end_unix": 1625961600,
      "date_of_insertion_unix": 1626857334,
      "vrcode": "VR13",
      "has_sufficient_data": false,
      "home_and_visits": null,
      "work": null,
      "school_and_day_care": null,
      "health_care": null,
      "gathering": null,
      "travel": null,
      "hospitality": null,
      "other": null
    },
    {
      "date_start_unix": 1625443200,
      "date_end_unix": 1625961600,
      "date_of_insertion_unix": 1626857334,
      "vrcode": "VR14",
      "has_sufficient_data": false,
      "home_and_visits": null,
      "work": null,
      "school_and_day_care": null,
      "health_care": null,
      "gathering": null,
      "travel": null,
      "hospitality": null,
      "other": null
    },
    {
      "date_start_unix": 1625443200,
      "date_end_unix": 1625961600,
      "date_of_insertion_unix": 1626857334,
      "vrcode": "VR15",
      "has_sufficient_data": false,
      "home_and_visits": null,
      "work": null,
      "school_and_day_care": null,
      "health_care": null,
      "gathering": null,
      "travel": null,
      "hospitality": null,
      "other": null
    },
    {
      "date_start_unix": 1625443200,
      "date_end_unix": 1625961600,
      "date_of_insertion_unix": 1626857334,
      "vrcode": "VR16",
      "has_sufficient_data": false,
      "home_and_visits": null,
      "work": null,
      "school_and_day_care": null,
      "health_care": null,
      "gathering": null,
      "travel": null,
      "hospitality": null,
      "other": null
    },
    {
      "date_start_unix": 1625443200,
      "date_end_unix": 1625961600,
      "date_of_insertion_unix": 1626857334,
      "vrcode": "VR17",
      "has_sufficient_data": false,
      "home_and_visits": null,
      "work": null,
      "school_and_day_care": null,
      "health_care": null,
      "gathering": null,
      "travel": null,
      "hospitality": null,
      "other": null
    },
    {
      "date_start_unix": 1625443200,
      "date_end_unix": 1625961600,
      "date_of_insertion_unix": 1626857334,
      "vrcode": "VR18",
      "has_sufficient_data": false,
      "home_and_visits": null,
      "work": null,
      "school_and_day_care": null,
      "health_care": null,
      "gathering": null,
      "travel": null,
      "hospitality": null,
      "other": null
    },
    {
      "date_start_unix": 1625443200,
      "date_end_unix": 1625961600,
      "date_of_insertion_unix": 1626857334,
      "vrcode": "VR19",
      "has_sufficient_data": false,
      "home_and_visits": null,
      "work": null,
      "school_and_day_care": null,
      "health_care": null,
      "gathering": null,
      "travel": null,
      "hospitality": null,
      "other": null
    },
    {
      "date_start_unix": 1625443200,
      "date_end_unix": 1625961600,
      "date_of_insertion_unix": 1626857334,
      "vrcode": "VR20",
      "has_sufficient_data": false,
      "home_and_visits": null,
      "work": null,
      "school_and_day_care": null,
      "health_care": null,
      "gathering": null,
      "travel": null,
      "hospitality": null,
      "other": null
    },
    {
      "date_start_unix": 1625443200,
      "date_end_unix": 1625961600,
      "date_of_insertion_unix": 1626857334,
      "vrcode": "VR21",
      "has_sufficient_data": false,
      "home_and_visits": null,
      "work": null,
      "school_and_day_care": null,
      "health_care": null,
      "gathering": null,
      "travel": null,
      "hospitality": null,
      "other": null
    },
    {
      "date_start_unix": 1625443200,
      "date_end_unix": 1625961600,
      "date_of_insertion_unix": 1626857334,
      "vrcode": "VR22",
      "has_sufficient_data": false,
      "home_and_visits": null,
      "work": null,
      "school_and_day_care": null,
      "health_care": null,
      "gathering": null,
      "travel": null,
      "hospitality": null,
      "other": null
    },
    {
      "date_start_unix": 1625443200,
      "date_end_unix": 1625961600,
      "date_of_insertion_unix": 1626857334,
      "vrcode": "VR23",
      "has_sufficient_data": false,
      "home_and_visits": null,
      "work": null,
      "school_and_day_care": null,
      "health_care": null,
      "gathering": null,
      "travel": null,
      "hospitality": null,
      "other": null
    },
    {
      "date_start_unix": 1625443200,
      "date_end_unix": 1625961600,
      "date_of_insertion_unix": 1626857334,
      "vrcode": "VR24",
      "has_sufficient_data": false,
      "home_and_visits": null,
      "work": null,
      "school_and_day_care": null,
      "health_care": null,
      "gathering": null,
      "travel": null,
      "hospitality": null,
      "other": null
    },
    {
      "date_start_unix": 1625443200,
      "date_end_unix": 1625961600,
      "date_of_insertion_unix": 1626857334,
      "vrcode": "VR25",
      "has_sufficient_data": false,
      "home_and_visits": null,
      "work": null,
      "school_and_day_care": null,
      "health_care": null,
      "gathering": null,
      "travel": null,
      "hospitality": null,
      "other": null
    }
  ]
}